Ｈ25基準地番号,所在地,｢住居表示｣,地積(平方メートル),価格(円/平方メートル),変動率,周辺の土地利用,X座標,Y座標
(県)葵-1,静岡市葵区安東3丁目142番4,「安東３−11−38」,152,"190,000",0.5,中規模住宅のほかに大規模住宅も見られる閑静な既成住宅地域,-10520.9748,-111875.9371
(県)葵-2,静岡市葵区松富4丁目121番2,「松富４−１−22」,94,"104,000",2.0,一般住宅を中心にアパート、農地等が混在する住宅地域,-11453.22551,-109163.8435
(県)葵-3,静岡市葵区沓谷6丁目8番7,,218,"153,000",1.3,一般住宅のほかにアパート等が混在する住宅地域,-8238.616414,-111465.1027
(県)葵-4,静岡市葵区川合2丁目29番37,「川合２−16−16」,145,"127,000",0.8,一般住宅が多い区画整然とした住宅地域,-7652.591323,-110523.4513
(県)葵-5,静岡市葵区千代田6丁目24番10外,「千代田６−15−10」,214,"149,000",0.7,一般住宅のほかに共同住宅等が混在する住宅地域,-8557.913782,-111010.6752
(県)葵-6,静岡市葵区東草深町12番2,「東草深町12−２」,163,"216,000",1.4,中規模住宅のほかに事務所等も見られる利便性の良い既成住宅地域,-10570,-112789
(県)葵-7*,静岡市葵区西草深町19番7,「西草深町19−16」,329,"243,000",2.1,大規模住宅も見られる利便性の良い既成住宅地域,-11091.98512,-113022.7644
(県)葵-8,静岡市葵区瀬名3丁目2804番1,「瀬名３−11−11」,99,"100,000",2.0,一般住宅のほかに農地等が見られる新興住宅地域,-7258.954154,-108628.2908
(県)葵-9,静岡市葵区春日2丁目1番1外,「春日２−１−11」,270,"164,000",1.2,一般住宅のほかにマンション、事務所等も混在する交通至便な住宅地域,-9176.478073,-113269.984
(県)葵-10,静岡市葵区末広町75番2,,162,"146,000",0.0,一般住宅を中心に共同住宅、店舗等が混在する既成の住宅地域,-11716,-112732
(県)葵-11,静岡市葵区南沼上2丁目120番55,「南沼上２−５−５」,198,"100,000",0.6,中規模一般住宅を主とする分譲住宅地域,-8167.087424,-109882.8787
(県)葵-12,静岡市葵区沓谷1丁目104番3,「沓谷１−９−２」,251,"155,000",0.6,中規模一般住宅のほかに共同住宅等も見られる既存の住宅地域,-9200.691888,-112357.9663
(県)葵-13,静岡市葵区城東町23番8,「城東町23−14」,143,"202,000",1.0,小規模一般住宅を中心とする利便性のよい区画整然とした住宅地域,-10117.93325,-112514.176
(県)葵-14,静岡市葵区昭府1丁目863番2,「昭府１−６−５」,140,"132,000",1.5,一般住宅の中にアパート等が混在する区画整理済みの住宅地域,-11982.26074,-111128.8719
(県)葵-15,静岡市葵区建穂1丁目175番6,「建穂１−６−11」,181,"89,000",0.0,中規模一般住宅のほか、作業所等も混在する新興住宅地域,-14331.41524,-112632.3705
(県)葵-16,静岡市葵区大岩4丁目644番2外,「大岩４−19−13」,238,"163,000",0.6,一般住宅のほかに共同住宅等も見られる住宅地域,-10812.02675,-110758.1345
(県)葵-17,静岡市葵区北安東4丁目1064番2,「北安東４−４−４」,165,"166,000",0.6,中小規模一般住宅が多い既成住宅地域,-10125.01519,-110784.1906
(県)葵-18,静岡市葵区古庄6丁目811番3,「古庄６−３−３」,200,"129,000",1.6,一般住宅、共同住宅が混在する土地区画整理済みの新興住宅地域,-7174.536338,-110907.3792
(県)葵-19,静岡市葵区上足洗2丁目517番7,「上足洗２−９−40」,202,"180,000",0.6,中規模一般住宅のほかにアパート、農地等も見られる住宅地域,-9824.840303,-111750.9934
(県)葵-20,静岡市葵区長沼2丁目9番12,「長沼２−７−11」,208,"152,000",1.3,住宅、倉庫等が混在する区画整理済みの地域,-7725.516284,-111877.778
(県)葵-21,静岡市葵区新間字村口539番2,,165,"53,800",-0.4,農地の中に一般住宅、農家住宅が混在する山間の住宅地域,-17705.51703,-111892.2752
(県)葵-22,静岡市葵区安倍口新田字本井内14番2,,165,"62,300",-0.6,中規模一般住宅と農家住宅が混在する郊外の住宅地域,-12757.28726,-108374.0756
(県)葵-23,静岡市葵区南字中村1540番31,,132,"69,600",0.9,一般住宅、農家住宅等が見られる郊外の住宅地域,-10103.30052,-108281.7282
(県)葵5-1,静岡市葵区両替町1丁目6番6,,238,"296,000",0.0,中低層の店舗、事務所兼住宅が多い両替町通り沿いの商業地域,-10882.72414,-113762.0213
(県)葵5-2,静岡市葵区川辺町1丁目5番6,「川辺町１−４−10」,198,"165,000",0.6,小売店舗のほかに事務所、一般住宅等も混在する既成の近隣商業地域,-11109.79513,-114465.7476
(県)葵5-3,静岡市葵区沓谷5丁目5番5外,,515,"156,000",0.6,中低層の店舗、事務所、雑居ビル等が混在する路線商業地域,-8237.611412,-111391.1505
(県)葵5-4,静岡市葵区栄町2番5,,165,"529,000",0.0,中層の事務所ビル等が建ち並ぶ国道沿いの商業地域,-9919,-113800
(県)葵5-5,静岡市葵区御幸町9番2,,179,"1,260,000",0.0,中高層の店舗、事務所ビルが混在する駅前商業地域,-10276,-113879
(県)葵5-6,静岡市葵区鷹匠1丁目4番4,「鷹匠１−４−３」,155,"325,000",1.9,中層の店舗事務所を主に店舗併用住宅等が混在する商業地域,-10317.36913,-113484.7385
(県)葵5-7*,静岡市葵区昭和町4番3,,124,"635,000",-0.5,中高層の店舗、事務所ビルが建ち並ぶ商業地域,-10612.24408,-114061.5714
(県)葵5-8,静岡市葵区駒形通1丁目4番4外,「駒形通１−２−９」,142,"189,000",-2.1,中低層の小売店舗を中心とする駒形通り沿いの既存の路線商業地域,-11087.93351,-114217.7551
(県)葵5-9,静岡市葵区鷹匠3丁目8番7,「鷹匠３−８−８」,134,"293,000",1.4,低層店舗兼住宅、中層ビルが混在する商業地域,-10123.28706,-113179.6538
(県)葵5-10*,静岡市葵区呉服町2丁目6番8,,324,"1,390,000",0.0,中層の専門店舗ビルが建ち並ぶ中心的商業地域,-10577.58641,-113811.8668
(県)葵5-11,静岡市葵区八千代町24番3,,135,"197,000",0.5,中低層の事務所、店舗のほかに住宅等が混在する商業地域,-11313.95753,-113195.6958
(県)葵5-12,静岡市葵区四番町2番13,,290,"160,000",0.6,店舗、事務所、一般住宅が混在する近隣商業地域,-11555.22515,-113918.6218
(県)葵5-13,静岡市葵区二番町12番6,,249,"169,000",0.0,店舗、事務所を中心に住宅等も混在する商業地域,-11868,-113547
(県)葵5-14,静岡市葵区井宮町24番2,,130,"152,000",0.0,中低層の店舗、事務所の中に住宅等も混在する路線商業地域,-11707.72261,-112583.1459
(県)葵5-15,静岡市葵区田町2丁目3番3,,135,"159,000",0.0,低層店舗のほかに一般住宅や店舗兼住宅が混在する路線商業地域,-12110.12002,-113757.209
(県)葵9-1,静岡市葵区桜町1丁目931番11,「桜町１−２−40」,627,"90,500",0.7,中小倉庫、作業所のほか住宅も混在する地域,-12615,-111785
(県)駿河-1,静岡市駿河区池田574番2,,237,"150,000",0.7,中規模一般住宅が多い区画整然とした住宅地域,-7122,-112912
(県)駿河-2,静岡市駿河区みずほ2丁目14番6,,226,"123,000",0.0,新興一般住宅が多い区画整理済みの住宅地域,-12053.71807,-117548.0356
(県)駿河-3,静岡市駿河区丸子1丁目74番7,「丸子１−６−82」,198,"99,000",0.5,一般住宅の中にアパート、貸家が見られる住宅地域,-12966.68407,-116899.4855
(県)駿河-4*,静岡市駿河区馬淵3丁目396番2,「馬淵３−５−８」,165,"169,000",選定替,一般住宅、アパート等が見られる住宅地域,-9971,-114979
(県)駿河-5,静岡市駿河区大谷字井庄ノ谷5800番28,,298,"79,800",-2.4,郊外の丘陵地に造成された一般住宅地域,-6316.043162,-115501.2838
(県)駿河-6,静岡市駿河区中田2丁目204番3,「中田２−５−34」,169,"177,000",1.7,中規模一般住宅が多い住宅地域,-9613,-114919
(県)駿河-7,静岡市駿河区北丸子2丁目1417番5,「北丸子２−20−５」,115,"84,200",-0.2,一般住宅が多く農地の介在する新興住宅地域,-14127,-116309
(県)駿河-8,静岡市駿河区中島字江戸割705番11,,157,"89,800",-5.3,一般住宅のほかにアパート、店舗等が混在する住宅地域,-9505.622869,-117289.8662
(県)駿河-9,静岡市駿河区石田2丁目385番40,「石田２−11−18」,175,"151,000",0.7,中規模一般住宅が多い区画整然とした住宅地域,-8776.184576,-115583.5568
(県)駿河-10,静岡市駿河区宮竹1丁目140番2,「宮竹１−９−20」,242,"114,000",-5.0,一般住宅を主に事業所等も混在する区画整理済の住宅地域,-7814.832416,-115912.841
(県)駿河-11,静岡市駿河区小鹿3丁目24番1,「小鹿３−８−38」,172,"130,000",0.0,一般住宅の中にアパート、店舗等が混在する住宅地域,-7748.755176,-113891.4945
(県)駿河-12,静岡市駿河区池田字峰田坪1174番24,,135,"119,000",0.8,一般住宅を主とした閑静な普通住宅地域,-6481,-112841
(県)駿河-13,静岡市駿河区手越字本田屋敷裏478番4,,132,"89,400",0.0,一般住宅のほかに農地等が見られる住宅地域,-12338,-116009
(県)駿河-14,静岡市駿河区下島字松田220番5,,208,"95,500",-5.4,一般住宅を中心に共同住宅等も混在する住宅地域,-8400.828274,-116540.5164
(県)駿河-15,静岡市駿河区鎌田字間ノ田363番26,,149,"94,500",選定替,中小規模一般住宅が多い郊外の住宅地域,-12651,-117309
(県)駿河-16,静岡市駿河区安居字汐入畑327番3外,,222,"36,800",-5.9,農家住宅、一般住宅のほかに農地が介在する住宅地域,-3292.431869,-115498.0367
(県)駿河5-1,静岡市駿河区小鹿1丁目364番1外,「小鹿１−24−28」,226,"138,000",0.0,低層小売店舗を主とする路線商業地域,-7433.286944,-113615.3893
(県)駿河5-2,静岡市駿河区石田1丁目20番1,「石田１−１−34」,433,"217,000",2.4,中小の店舗、事務所等が混在する幹線道路沿いの路線商業地域,-9294,-115143
(県)駿河5-3,静岡市駿河区八幡2丁目6番9外,「八幡２−11−９」,238,"199,000",1.5,中低層の店舗、事務所が多い商業地域,-9499.624326,-114084.8906
(県)駿河5-4,静岡市駿河区小黒3丁目147番外,「小黒３−８−11」,170,"165,000",1.2,営業所、店舗、倉庫等が混在する路線商業地域,-8644.578483,-114221.8134
(県)駿河5-5,静岡市駿河区中野新田字橋下125番1,,272,"157,000",1.3,店舗、事務所ビル等が見られる路線商業地域,-10568.00604,-116053.261
(県)駿河5-6,静岡市駿河区中田本町1390番3,「中田本町55−70」,332,"176,000",1.1,店舗、事務所等が混在する路線商業地域,-9448.715573,-115920.3868
(県)駿河5-7,静岡市駿河区曲金6丁目291番1,「曲金６−４−28」,1241,"354,000",0.3,店舗、マンション等が建ち並び始めた区画整理中の商業地域,-7965.011729,-113027.817
(県)駿河5-8,静岡市駿河区下川原6丁目26番3,「下川原６−26−８」,680,"95,800",-6.1,沿道サービス店舗を主に事務所等も混在する路線商業地域,-11304,-118496
(県)駿河9-1,静岡市駿河区国吉田1丁目480番11,「国吉田１−３−27」,2034,"83,900",0.0,中規模の工場、事務所が建ち並ぶ工業地域,-6742,-111198
(県)駿河9-2,静岡市駿河区南安倍3丁目421番1,「南安倍３−16−５」,488,"104,000",0.0,事務所のほか中小工場、住宅も混在する地域,-11332.32843,-115389.1744
(県)駿河9-3,静岡市駿河区中島字郷蔵753番3,,487,"77,600",-5.5,小規模工場が多く、事務所、住宅等が介在する地域,-9675.322679,-117438.5789
(県)清水-1*,静岡市清水区宮代町45番,「宮代町８−17」,228,"133,000",-1.5,一般住宅等が多い区画整然とした既成の住宅地域,-1557,-107848
(県)清水-2,静岡市清水区三保字江湖852番15,,175,"48,500",-6.9,市開発公社の造成した中規模住宅の多い住宅地域,1308.650454,-110677.7106
(県)清水-3,静岡市清水区下野中258番7,「下野中18−１」,165,"101,000",-1.0,小規模一般住宅が多い郊外の新興住宅地域,-2885.549785,-106667.6336
(県)清水-4,静岡市清水区七ツ新屋字屋敷前180番10,,128,"111,000",0.0,中小規模の一般住宅が多い住宅地域,-4262.060389,-109719.5163
(県)清水-5,静岡市清水区高橋2丁目1585番2,「高橋２−11−20」,177,"98,500",0.0,中規模一般住宅の中に社宅等がみられる住宅地域,-2505.92922,-107582.7963
(県)清水-6,静岡市清水区八木間町字横廻り447番9,,197,"85,000",-0.2,中規模一般住宅、アパート等が混在する郊外の住宅地域,1974.454198,-103514.4321
(県)清水-7,静岡市清水区折戸4丁目598番13,「折戸４−９−19」,160,"54,800",-6.3,一般住宅を中心にアパートも介在する既成住宅地域,1276.354994,-111809.3495
(県)清水-8,静岡市清水区三光町345番1外,「三光町５−23」,154,"115,000",-0.9,中規模一般住宅が多い既成住宅地域,-1237.442284,-110585.2176
(県)清水-9,静岡市清水区春日1丁目116番,「春日１−５−35」,242,"120,000",0.8,一般住宅の中に事務所等が見られる区画整然とした住宅地域,-2423.541707,-109629.8446
(県)清水-10,静岡市清水区北矢部906番19,,216,"116,000",0.0,中規模一般住宅が多い区画整然とした住宅地域,-2720.488765,-111084.6948
(県)清水-11,静岡市清水区有東坂1丁目228番50,,131,"118,000",0.0,中小規模の一般住宅が建ち並ぶ既成住宅地域,-3005.910336,-109985.2316
(県)清水-12,静岡市清水区草薙杉道2丁目1357番29,「草薙杉道２−８−５」,160,"107,000",0.9,中小規模一般住宅の中にアパート等が見られる住宅地域,-4317.620945,-110713.6971
(県)清水-13,静岡市清水区神田町260番1外,「神田町13−９」,198,"126,000",-0.8,一般住宅の中にアパート等が混在する区画整然とした既成住宅地域,-1931.155497,-110437.191
(県)清水-14,静岡市清水区石川字柿木田36番4,,161,"98,100",-0.4,中規模一般住宅の中にアパート等が見られる郊外の新興住宅地域,-3893,-106754
(県)清水-15,静岡市清水区西久保字東江川228番17,,231,"97,000",-5.8,一般住宅を主にアパートも見られる住宅地域,-975.2949274,-107183.8638
(県)清水-16,静岡市清水区蒲原神沢字本村130番1外,,304,"51,000",-6.1,中規模一般住宅を中心とする既成住宅地域,7166.296265,-98393.36369
(県)清水-17,静岡市清水区蒲原字長堰堤外66番36,,170,"58,800",-6.2,一般住宅が建ち並ぶ閑静な住宅地域,10931.39152,-97301.27724
(県)清水-18,静岡市清水区由比町屋原字神力道304番2,,124,"73,500",-0.3,一般住宅の中に小工場、農地等が見られる住宅地域,5067.399079,-99137.68003
(県)清水-19,静岡市清水区蒲原中字浜道外145番2,,155,"54,900",-6.2,中小規模一般住宅と作業所が混在する地域,7867.06146,-98332.72639
(県)清水-20,静岡市清水区由比字東町193番54外,,98,"64,900",-1.2,一般住宅が多い住宅地域,6441.823506,-98670.49607
(県)清水-21,静岡市清水区興津井上町字鼻ヶ崎374番21,,132,"51,300",-1.9,農家住宅、一般住宅等が混在する周囲に農地が多く見られる住宅地域,2530.794195,-103483.9733
(県)清水-22,静岡市清水区草ケ谷字足高299番7外,,229,"63,400",0.0,農家住宅のほかに一般住宅、農地等が混在する住宅地域,-1608,-105334
(県)清水5-1*,静岡市清水区万世町2丁目12番,「万世町２−10−22」,294,"140,000",-3.4,中低層店舗ビル、事務所ビルが建ち並ぶ商業地域,-999.820868,-109421.7798
(県)清水5-2,静岡市清水区銀座289番,「銀座３−５」,257,"131,000",-3.0,中小規模小売店舗ビルが建ち並ぶ既成商業地域,-1213.025771,-108868.4608
(県)清水5-3,静岡市清水区大坪1丁目42番1,「大坪１−３−10」,415,"148,000",2.1,店舗、事務所等が建ち並ぶ幹線道路沿いの路線商業地域,-2724.204528,-109688.614
(県)清水5-4,静岡市清水区港町1丁目329番,「港町１−５−10」,105,"118,000",-3.3,低層の店舗、事務所等が建ち並ぶ港に近い既成商業地域,-664.290438,-109993.8378
(県)清水5-5,静岡市清水区入江3丁目1196番2,「入江３−３−11」,165,"114,000",-1.7,低層の小規模小売店舗が建ち並ぶ既成商業地域,-2043.196692,-109090.4494
(県)清水5-6,静岡市清水区草薙1丁目108番,「草薙１−８−16」,255,"201,000",0.5,小売店舗、飲食店等が混在する駅前商業地域,-5222.181521,-110681.8246
(県)清水5-7,静岡市清水区大手1丁目79番3外,「大手１−７−13」,299,"119,000",-2.5,低層の店舗併用住宅、一般住宅が混在する近隣商業地域,-1623.924455,-108060.7348
(県)清水5-8,静岡市清水区由比町屋原字南側83番,,300,"68,500",-3.1,小売店舗の中に一般住宅等が見られる路線商業地域,5391,-99432
(県)清水9-1,静岡市清水区吉川字広田800番1,,409,"67,800",-1.0,工場、倉庫、事務所のほかに住宅等が見られる工業地域,-3890.994277,-108851.8108
(県)清水9-2,静岡市清水区駒越北町255番4,「駒越北町９−４」,241,"64,700",-5.5,中小規模の工場、倉庫のほか一般住宅も混在する工業地域,-183.9359832,-112628.2798
(県)清水9-3,静岡市清水区長崎字大返シ619番1外,,992,"62,800",-0.6,工場、倉庫を主に一般住宅が混在する工業地域,-5337.456068,-109361.0783
(県)清水9-4,静岡市清水区袖師町字中河原584番1外,,548,"70,000",-1.4,中小規模工場、倉庫の中に一般住宅が混在する工業地域,-951.9300291,-106485.7458
(県)中-1,浜松市中区天神町326番1,「天神町12−19」,238,"86,500",0.0,住宅、事務所等が混在する既成住宅地域,-68507.37638,-142658.2498
(県)中-2,浜松市中区佐藤1丁目274番,「佐藤１−34−３」,185,"88,500",0.0,住宅、アパートのほかに営業所が見られる住宅地域,-68957.53852,-142290.4132
(県)中-3,浜松市中区向宿1丁目100番2,「向宿１−16−6」,188,"81,000",選定替,住宅、アパートのほかに営業所等が見られる住宅地域,-68380,-143147
(県)中-4,浜松市中区蜆塚3丁目19725番15外,「蜆塚３−４−21」,357,"115,000",1.8,中規模一般住宅が多い区画整然とした住宅地域,-1608,-105334
(県)中-5,浜松市中区佐鳴台6丁目125番11外,「佐鳴台６−25−６」,228,"111,000",1.8,中規模一般住宅が多い区画整理済みの住宅地域,-74108.58731,-143588.4282
(県)中-6*,浜松市中区幸2丁目294番15,「幸２−37−10」,287,"83,600",0.8,中規模一般住宅が建ち並ぶ高台の閑静な住宅地域,-70364,-139797
(県)中-7,浜松市中区上浅田1丁目637番2,「上浅田１−９−38」,165,"80,100",0.0,住宅のほかに営業所等が見られる住宅地域,-70880.59152,-144416.3593
(県)中-8,浜松市中区鹿谷町780番,「鹿谷町37−５」,142,"83,600",0.0,一般住宅を主体にアパートも混在する住宅地域,-71493,-142089
(県)中-9,浜松市中区高林3丁目599番1,「高林３−12−35」,142,"98,400",0.4,共同住宅のほか店舗や事務所も見られる一般住宅地域,-69982.35305,-140798.2322
(県)中-10,浜松市中区西伊場町2770番2,「西伊場町28−20」,247,"91,200",0.0,中規模の一般住宅が多い区画整然とした住宅地域,-72802.23272,-143565.4027
(県)中-11*,浜松市中区山手町4899番6外,「山手町37−３」,377,"135,000",1.5,中規模住宅が建ち並ぶ高台の閑静な住宅地域,-72975,-143076
(県)中-12,浜松市中区富塚町字石田1299番34,,200,"83,500",0.8,低層住宅主体の中規模分譲住宅地域,-72705.97046,-140745.1478
(県)中-13,浜松市中区文丘町18番5,「文丘町18−８」,189,"79,500",0.8,文教施設に近い区画整然とした住宅地域,-72004.14481,-141102.2021
(県)中-14,浜松市中区城北2丁目332番10,「城北２−13−15」,277,"103,000",2.0,利便性の良い古くからの閑静な住宅地域,-71361.65988,-141352.1521
(県)中-15,浜松市中区幸1丁目233番2,「幸１−１−25」,145,"78,500",1.9,小規模住宅とアパート等が混在するバイパス背後の住宅地域,-70934.13009,-139705.1768
(県)中-16,浜松市中区和合町字中平237番3外,,208,"68,400",0.7,一般住宅、アパートが混在する谷間の住宅地域,-72063.74706,-139898.2138
(県)中-17,浜松市中区高丘北1丁目132番7,「高丘北１−32−６」,181,"85,200",0.4,一般住宅を主体とする区画整然とした住宅地域,-72400.29159,-137080.8937
(県)中-18,浜松市中区小豆餅1丁目409番5外,「小豆餅１−36−21」,204,"78,100",0.1,一般住宅、アパートが混在する普通住宅地域,-71092.67035,-137566.1732
(県)中-19,浜松市中区萩丘4丁目515番20,「萩丘４−15−28」,180,"84,000",1.2,住宅、アパート等が混在する区画整理済みの住宅地域,-69905,-138657
(県)中-20,浜松市中区幸3丁目643番16,「幸３−16−43」,184,"79,700",0.0,一般住宅のなかにアパート、空地等が見られる住宅地域,-70163.68919,-139498.5174
(県)中-21,浜松市中区上島2丁目1149番1,「上島２−21−23」,309,"83,000",1.0,空地も残る一般住宅の多い既存の住宅地域,-69290.62201,-139335.8317
(県)中-22,浜松市中区東伊場2丁目1177番5,「東伊場２−８−15」,155,"99,000",0.7,一般住宅が建ち並ぶ区画整理済みの住宅地域,-71548.7953,-144109.2727
(県)中-23,浜松市中区小豆餅3丁目1416番7,「小豆餅３−11−18」,158,"73,700",0.3,小規模な作業所等も見られる住宅地域,-70556.20357,-138179.7371
(県)中5-1,浜松市中区海老塚2丁目115番2,「海老塚２−15−３」,425,"101,000",0.0,中層ビル、店舗が混在する駅南商業地域,-70390.07012,-144169.3135
(県)中5-2,浜松市中区元浜町字3丁目180番2外,,123,"102,000",1.0,小売店舗、飲食店舗等が混在する商業地域,-70258.12268,-142217.9107
(県)中5-3*,浜松市中区板屋町102番13外,,396,"243,000",1.7,中層の店舗、事務所が建ち並ぶ商業地域,-70241,-143154
(県)中5-4,浜松市中区高林5丁目879番1外,「高林５−６−15」,1405,"99,000",0.0,店舗、営業所が建ち並ぶ幹線道路沿いの商業地域,-70104.71961,-140292.9502
(県)中5-5,浜松市中区常盤町132番12外,,441,"155,000",0.0,中低層の店舗、事務所を中心とする商業地域,-70453,-142748
(県)中5-6,浜松市中区中央2丁目110番18,「中央２−10−22」,236,"223,000",1.4,中層の店舗兼住宅等が建ち並ぶ新興商業地域,-69823,-142916
(県)中5-7*,浜松市中区鍛冶町320番18外,,231,"600,000",-1.3,中高層ビル、小売店舗が建ち並ぶ中心的商業地域,-70486.10437,-143291.8618
(県)中5-8,浜松市中区千歳町字後道71番1,,88,"350,000",-1.7,中小規模の店舗が建ち並ぶ中心的商業地域,-70478.21345,-143458.0152
(県)中5-9,浜松市中区田町324番7,,106,"230,000",0.9,中高層の店舗、事務所ビルが多い中心商業地域,-70460.28505,-143130.0953
(県)中5-10,浜松市中区野口町字宮東286番1,,137,"107,000",0.9,店舗、営業所、住宅が混在する商業地域,-69827.86674,-142153.2033
(県)中5-11,浜松市中区肴町316番38,,277,"295,000",1.0,中層の店舗ビルが多い商業地域,-70566.78868,-143147.4615
(県)中5-12,浜松市中区中島1丁目1061番,「中島１−36−３」,185,"91,600",0.0,低層の店舗、営業所等が建ち並ぶ路線商業地域,-68695,-143594
(県)中5-13,浜松市中区新津町字下組695番外,,696,"99,500",0.7,低層の店舗、営業所等が建ち並ぶ路線商業地域,-69586.68756,-141730.2734
(県)中5-14,浜松市中区松城町215番27,,223,"119,000",1.7,店舗、事務所、公共施設等が混在する商業地域,-70874.2832,-142897.4106
(県)中5-15,浜松市中区元目町127番25,,155,"111,000",0.9,低層の店舗が建ち並ぶ商業地域,-70504.90332,-142572.4022
(県)中5-16,浜松市中区葵東2丁目370番47,「葵東２−13−３」,495,"97,000",0.0,中低層の店舗、事務所等が建ち並ぶ国道沿いの商業地域,-71298.48234,-137148.0182
(県)中5-17,浜松市中区佐鳴台5丁目128番2外,「佐鳴台５−28−２」,396,"113,000",0.0,店舗、営業所等が並ぶ山手の路線商業地域,-73529.36496,-142765.2443
(県)東-1,浜松市東区原島町字林128番3,,165,"80,400",0.0,一般住宅、アパートのほかに農地等が見られる郊外の住宅地域,-66673.0317,-140795.6046
(県)東-2*,浜松市東区上西町字川田26番8,,279,"93,400",0.3,住宅の中に空地が見られる区画整理済みの住宅地域,-68419.26278,-141541.9863
(県)東-3,浜松市東区大瀬町字鷺宮27番97,,196,"70,200",0.1,住宅、アパートが建ち並ぶ郊外の住宅地域,-67473.95323,-137744.4801
(県)東-4,浜松市東区笠井町字西浦523番6,,196,"64,400",0.0,一般住宅の中に小工場等が見られる既成住宅地域,-64351,-136251
(県)東-5,浜松市東区半田山5丁目2148番4,「半田山５−12−９」,209,"85,400",0.4,一般住宅とアパートが建ち並ぶ住宅地域,-69561.43205,-135579.9389
(県)東-6,浜松市東区中野町字往還道北398番1外,,232,"59,500",-0.7,中小規模の一般住宅が多い既成住宅地域,-64574.47559,-140740.3922
(県)東-7,浜松市東区薬師町字村中107番2外,,255,"78,100",0.3,一般住宅の中に空地等が見られる住宅地域,-65854.4946,-141267.8756
(県)東-8,浜松市東区西ケ崎町字ヲキ1615番1,,287,"61,500",0.0,一般住宅のほか作業所等も混在する既成住宅地域,-67257.24626,-135932.9377
(県)東-9,浜松市東区常光町字一丁田194番6,,297,"45,000",-0.9,一般住宅、農家住宅等が見られる農地の多い住宅地域,-64119.47027,-137968.1182
(県)東5-1,浜松市東区丸塚町543番16,,227,"91,400",0.0,中小規模の店舗、事務所ビルが多い路線商業地域,-68425,-141017
(県)東5-2,浜松市東区和田町字中島793番2,,2191,"114,000",0.0,中規模の店舗、営業所等が建ち並ぶ国道沿いの路線商業地域,-67216.30115,-141570.5636
(県)東5-3,浜松市東区篠ヶ瀬町字西藪田1364番1,,342,"88,600",0.0,低層の店舗、営業所等が多い路線商業地域,-66234.24731,-141473.8307
(県)東9-1,浜松市東区上新屋町字高川148番外,,2042,"53,600",選定替,中小規模の工場、倉庫が多く見られる工業地域,-67803,-140498
(県)西-1,浜松市西区志都呂町字東平300番91,,203,"71,000",0.0,一般住宅等が建ち並ぶ区画整然とした住宅地域,-77166.6514,-143704.596
(県)西-2,浜松市西区坪井町字中組北5411番,,314,"51,000",-2.7,中規模一般住宅が建ち並ぶ既存の住宅地域,-78425,-145667
(県)西-3,浜松市西区舘山寺町字将監畑2455番1,,217,"39,100",-3.0,一般住宅のほかにアパート等が混在する住宅地域,-81155.57251,-137137.3672
(県)西-4,浜松市西区入野町字彦尾前792番3,,264,"87,000",0.6,中規模一般住宅、マンションが混在する住宅地域,-73488.95648,-143908.1355
(県)西-5,浜松市西区篠原町字西前20560番,,267,"58,000",-3.0,一般住宅、小工場、農家住宅が混在する住宅地域,-76863,-145679
(県)西-6,浜松市西区舞阪町舞阪字浜表4169番2,,238,"47,200",-3.5,一般住宅の中に空地等が見られる住宅地域,-81236.4425,-146009.8518
(県)西-7,浜松市西区舞阪町弁天島字千鳥園3154番4,,145,"36,800",-3.2,別荘も混在する一般住宅地域,-82075.31698,-144422.8642
(県)西-8,浜松市西区雄踏町宇布見字小山4761番1,,296,"62,500",-5.3,中規模の一般住宅のほかに店舗が混在する利便性の良い住宅地域,-78886.84117,-144184.9374
(県)西-9,浜松市西区雄踏町山崎字村前3542番2外,,247,"42,200",-5.0,中規模の一般住宅、農家住宅等が混在する古くからの住宅地域,-80458,-142707
(県)西-10,浜松市西区舞阪町浜田698番,,183,"51,000",-2.5,中規模一般住宅が多い国道背後の住宅地域,-80067.54907,-145829.6285
(県)西-11,浜松市西区西山町字当り1055番84,,194,"59,200",-0.2,一般住宅が建ち並ぶ郊外の区画整然とした住宅地域,-74538,-139963
(県)西5-1,浜松市西区舞阪町舞阪字仲町1976番1,,115,"53,000",-3.6,店舗併用住宅の建ち並ぶ商業地域,-81450.41877,-145570.3494
(県)西5-2,浜松市西区雄踏町宇布見字西ケ崎7995番1,,213,"63,000",-4.5,小規模低層の店舗が建ち並ぶ古くからの商業地域,-79446,-143806
(県)南-1,浜松市南区中田島町字浜新田1535番,,243,"41,400",-8.0,一般住宅等が建ち並ぶ区画整然とした住宅地域,-69770.26066,-147640.7888
(県)南-2,浜松市南区芳川町字大橋前640番2,,242,"70,600",0.0,中規模の一般住宅が多い郊外の住宅地域,-67304.40534,-145351.665
(県)南-3,浜松市南区遠州浜2丁目1717番23,「遠州浜２−14−３」,169,"32,500",-9.7,中規模一般住宅が建ち並ぶ海岸に近い住宅地域,-66886,-148665
(県)南-4,浜松市南区増楽町1640番1,,201,"72,200",0.1,一般住宅のほかに農家住宅等も見られる住宅地域,-73855.90093,-144801.9275
(県)南-5,浜松市南区三島町字中通589番3,,141,"74,500",0.0,一般住宅、アパート、農地等が混在する住宅地域,-69460,-145249
(県)南-6,浜松市南区安松町33番6,,219,"76,200",0.0,中規模住宅が建ち並ぶ区画整然とした住宅地域,-66914.28727,-144510.5197
(県)南-7,浜松市南区小沢渡町字村北542番2,,178,"48,800",-1.8,小規模一般住宅と農家住宅が混在する住宅地域,-74649.65598,-145801.3784
(県)南-8,浜松市南区白羽町字大畑701番,,264,"47,000",0.0,農家住宅、一般住宅、事業所等が混在する既成集落地域,-69718.98179,-146258.7314
(県)南-9,浜松市南区新橋町字村南1850番,,201,"56,300",-2.1,一般住宅のほか店舗等も見られる県道沿いの住宅地域,-73739.17219,-145995.5024
(県)南-10,浜松市南区石原町字籠ﾉ鼻793番2,,246,"54,100",-1.5,一般住宅と農家住宅が混在する住宅地域,-67016.27654,-145481.767
(県)南-11,浜松市南区西島町字横名696番7,,178,"43,000",-7.5,一般住宅が建ち並ぶ郊外の分譲住宅地域,-67564.61034,-147266.4971
(県)南5-1,浜松市南区本郷町字蓮の前452番,,180,"81,500",選定替,店舗、住宅が混在する路線商業地域,-67688,-144566
(県)南9-1,浜松市南区都盛町字西恩地170番1外,,3503,"42,100",-1.2,中小規模の工場が建ち並ぶ工場地域,-68324.92084,-145360.0319
(県)南9-2,浜松市南区飯田町字醴325番3外,,1933,"45,800",-1.5,小規模工場、倉庫、住宅が混在する工業地域,-66208.78787,-142866.687
(県)北-1,浜松市北区細江町中川字桜ヶ丘888番225,,190,"45,500",-0.7,中規模一般住宅が建ち並ぶ分譲住宅地域,-73517,-132222
(県)北-2,浜松市北区細江町気賀字山後1616番35,,200,"37,800",-1.0,中規模一般住宅が建ち並ぶ分譲住宅地域,-77563.77728,-132839.0435
(県)北-3,浜松市北区引佐町井伊谷字町西側568番18,,126,"36,300",-1.9,中小規模の一般住宅が密集する既成の住宅地域,-75589.60149,-129029.26
(県)北-4,浜松市北区引佐町金指字西金指1580番29,,183,"46,000",-1.5,中規模一般住宅が建ち並ぶ住宅地域,-75567.13569,-130787.687
(県)北-5,浜松市北区細江町小野字走落289番9,,329,"28,000",-3.4,中規模一般住宅と農家住宅が混在する住宅地域,-76998.5889,-130616.5641
(県)北-6,浜松市北区三ヶ日町大崎字蒔田102番17外,,530,"41,900",-3.9,別荘、保養所等が建ち並ぶ浜名湖畔沿いの地域,-85225.59537,-135489.2496
(県)北-7,浜松市北区三ヶ日町日比沢字瀬尻582番16外,,663,"18,300",-2.7,農家住宅と畑が混在する国道背後の住宅地域,-88843.30359,-131933.0368
(県)北5-1,浜松市北区細江町気賀字気賀町989番1の内,,218,"57,500",0.0,小売店舗が建ち並ぶ国道沿いの既成商業地域,-77496.08573,-131733.6856
(県)北5-2,浜松市北区引佐町井伊谷字町西側657番4外,,157,"42,200",-1.9,小売店舗が建ち並ぶ県道沿いの古くからの商業地域,-75670.47495,-129133.5838
(県)北5-3,浜松市北区三ヶ日町三ヶ日字汐田914番45,,126,"53,200",-2.4,小売店舗、飲食店、旅館等が建ち並ぶ国道沿いの商業地域,-86793.30578,-132332.2758
(県)北5-4,浜松市北区三方原町2145番1外,,398,"59,900",0.2,店舗、住宅が混在する郊外の国道沿い地域,-72755.07324,-134034.0391
(県)浜北-1,浜松市浜北区西美薗字五本松633番6,,208,"66,500",1.1,一般住宅の中に畑地等が見られる住宅地域,-64548.00778,-133179.7454
(県)浜北-2*,浜松市浜北区小松417番,,233,"74,700",0.3,中規模一般住宅が多い既存の住宅地域,-65995.19988,-134057.9251
(県)浜北-3,浜松市浜北区貴布祢2155番,,264,"80,100",2.0,中規模の住宅が建ち並ぶ区画整理済みの住宅地域,-65194.0215,-133029.4281
(県)浜北-4,浜松市浜北区宮口字町坪589番5外,,222,"47,800",0.0,一般住宅のほか小売店舗が混在する住宅地域,-66660.9761,-129978.4475
(県)浜北-5,浜松市浜北区寺島2933番2外,,294,"51,800",0.0,一般住宅の中に農地等が見られる住宅地域,-64606.30078,-134536.4296
(県)浜北-6,浜松市浜北区根堅字泉2347番1,,359,"41,200",0.0,一般住宅の中に農地等が見られる住宅地域,-64885,-128274
(県)浜北5-1,浜松市浜北区小松字大向4349番11外,,180,"84,300",0.0,小売店舗が建ち並ぶ県道沿いの既成商業地域,-66186.53619,-134556.9866
(県)天竜-1,浜松市天竜区大谷字田島54番13,,203,"38,800",-0.5,一般住宅のほか公営住宅も混在する既成の住宅地域,-62359.40491,-124820.2749
(県)天竜-2,浜松市天竜区春野町堀之内字犬居129番,,350,"10,200",-4.7,一般住宅の中に店舗併用住宅が見られる住宅地域,-55574.29336,-115622.2381
(県)天竜-3,浜松市天竜区春野町石打松下字堀田158番11外,,310,"6,600",-4.3,住宅のほかに店舗等が見られる古くからの住宅地域,-51289.67952,-111079.6744
(県)天竜-4,浜松市天竜区龍山町戸倉字クモリ562番15,,209,"4,100",-2.4,一般住宅、公営住宅等が見られる秋葉湖に近い住宅地域,-61221,-112735
(県)天竜-5,浜松市天竜区龍山町下平山字馬場247番9,,72,"1,470",-3.3,小規模住宅が見られる山腹斜面の農地の多い地域,-60222,-109781
(県)天竜-6,浜松市天竜区佐久間町佐久間2662番1,,165,"10,700",-4.5,小規模一般住宅が建ち並ぶ古くからの住宅地域,-63155,-100482
(県)天竜-7,浜松市天竜区佐久間町奥領家1676番2,,159,"11,900",-4.8,一般住宅と店舗併用住宅が混在する住宅地域,-58179.45744,-95030.04628
(県)天竜-8,浜松市天竜区水窪町奥領家3383番1,,140,"12,300",-5.4,小規模一般住宅が建ち並ぶ既存の住宅地域,-57370.06478,-91825.5192
(県)天竜5-1,浜松市天竜区二俣町鹿島字サビ160番1,,321,"53,000",0.0,小売店舗、飲食店等が建ち並ぶ駅に近い路線商業地域,-63261.41376,-127566.8818
(県)天竜5-2,浜松市天竜区佐久間町浦川2846番32外,,147,"14,300",-6.5,小規模小売店舗が建ち並ぶ古くからの商業地域,-67210,-104551
(県)天竜5-3,浜松市天竜区水窪町奥領家2581番外,,241,"15,000",選定替,小規模小売店舗が建ち並ぶ古くからの商業地域,-57507,-93114
(県)沼津-1,沼津市米山町508番14,「米山町13−７」,161,"149,000",0.0,中規模一般住宅が建ち並ぶ利便性の良い住宅地域,33146,-98734
(県)沼津-2,沼津市南本郷町556番4,「南本郷町13−20」,204,"118,000",-0.8,中規模一般住宅が多い環境の良い住宅地域,33712.53704,-100896.6052
(県)沼津-3,沼津市志下字南通424番1外,,240,"62,200",-8.3,一般住宅のほかに作業所等が見られる住宅地域,34773,-103995
(県)沼津-4,沼津市下香貫字木ノ宮802番26,,204,"95,200",-3.8,中規模一般住宅、アパート等が混在する住宅地域,34843,-101640
(県)沼津-5,沼津市吉田町679番3,「吉田町33−38」,137,"118,000",-2.5,一般住宅のほかにマンション等が混在する既成住宅地域,33109.81,-100633.5363
(県)沼津-6*,沼津市三枚橋字日ノ出町347番6,,124,"138,000",0.0,中規模一般住宅が多い閑静な住宅地域,33626.05511,-98635.63617
(県)沼津-7,沼津市中瀬町276番,「中瀬町20−15」,196,"105,000",-1.9,一般住宅の建ち並ぶ郊外の区画整然とした住宅地域,34711.83058,-99690.19872
(県)沼津-8,沼津市本字松下850番4,,265,"105,000",-3.7,一般住宅が多い閑静な住宅地域,31918.93124,-100253.9067
(県)沼津-9,沼津市原字東沖1702番44,,211,"93,000",-2.6,中規模の一般住宅が整然と並ぶ住宅地域,27940.55188,-96451.0045
(県)沼津-10,沼津市今沢字西町689番19,,201,"91,500",-2.7,一般住宅等が建ち並ぶ区画整然とした住宅地域,28700.38144,-97271.38969
(県)沼津-11,沼津市寿町929番3,「寿町24−３」,214,"119,000",0.0,一般住宅が多くアパートの混在する住宅地域,32645.72084,-97937.24942
(県)沼津-12,沼津市花園町13番7,,166,"114,000",0.0,一般住宅、マンション、事務所等が混在する地域,33784.29705,-97337.76887
(県)沼津-13,沼津市山王台144番4,「山王台15−５」,208,"135,000",-0.7,一般住宅のほかにマンション等が混在する既成住宅地域,33436,-99559
(県)沼津-14,沼津市西間門字東通274番2外,,220,"111,000",-0.9,一般住宅の中に事務所等が見られる住宅地域,31377.61169,-99491.89322
(県)沼津-15,沼津市駿河台17番17,,198,"99,500",-0.5,中規模一般住宅が多い高台の新興住宅地域,32644.74109,-96608.94273
(県)沼津-16,沼津市小林台8番13外,,192,"94,500",0.0,中規模の一般住宅が多い郊外の区画整理済みの住宅地域,35069.06631,-95896.57354
(県)沼津-17,沼津市井田字上條130番,,274,"15,200",-5.0,一般住宅と民宿が混在する住宅地域,25712.0385,-110934.8681
(県)沼津-18,沼津市戸田字宮脇1574番10外,,322,"31,300",-5.2,一般住宅のほか農地等が見られる住宅地域,26719.97718,-114181.4989
(県)沼津-19,沼津市千本中町41番1,,302,"96,000",-3.0,一般住宅、水産関連の事業所の混在する地域,32496.33368,-101349.1443
(県)沼津-20,沼津市沼北町2丁目1217番5,「沼北町２−14−７」,152,"115,000",0.0,一般住宅、事務所、作業所等が混在する地域,31945.01372,-98107.40599
(県)沼津-21,沼津市多比字着川684番11外,,188,"50,300",-5.1,一般住宅が建ち並ぶ海岸沿いの住宅地域,36799,-105327
(県)沼津-22,沼津市西浦久連字西町615番12,,254,"37,800",-5.5,住宅、民宿が混在する住宅地域,33799.01922,-108594.7135
(県)沼津-23,沼津市大平字池田2874番434,,196,"62,600",-1.9,一般住宅が建ち並ぶ区画整然とした住宅地域,37740.06694,-102813.3629
(県)沼津-24,沼津市一本松字下道505番,,343,"59,500",-2.5,一般住宅等が建ち並ぶ県道沿いの住宅地域,25383.46593,-96394.91617
(県)沼津-25,沼津市石川字前田675番8,,299,"47,300",-2.5,農家住宅、一般住宅、農地等が混在する古くからの住宅地域,25381.84145,-94484.61762
(県)沼津5-1,沼津市原字御殿場891番16,,454,"102,000",-2.9,小売店舗、金融機関、住宅等が混在する県道沿いの商業地域,27138.64205,-96977.96801
(県)沼津5-2,沼津市大手町5丁目71番7外,「大手町５−８−２」,108,"294,000",-3.9,中小規模の小売店舗が建ち並ぶアーケード商店街,32647.48526,-99681.85958
(県)沼津5-3,沼津市大手町5丁目170番,「大手町５−５−３」,308,"267,000",-2.9,中層の店舗等が建ち並ぶ駅に近い商業地域,32683.69711,-99829.02439
(県)沼津5-4,沼津市平町12番3,「平町12−３」,200,"159,000",-2.5,店舗、事務所が多い既成商業地域,33285.87019,-99703.11618
(県)沼津5-5,沼津市三園町768番2,「三園町13−45」,406,"131,000",-1.5,店舗、事務所等が建ち並ぶ路線商業地域,33469.36623,-101021.3797
(県)沼津5-6,沼津市寿町783番3外,「寿町５−５」,363,"145,000",-2.7,中低層の事務所、各種店舗等が建ち並ぶ県道沿いの商業地域,32843,-97836
(県)沼津5-7*,沼津市大手町5丁目57番2外,「大手町５−２−３」,141,"362,000",-4.2,中層の店舗、事務所ビルが建ち並ぶ駅前商業地域,32726.89674,-99630.85256
(県)沼津5-8,沼津市戸田字入浜410番13,,130,"60,800",-5.3,飲食店、民宿等が建ち並ぶ海岸沿いの商業地域,25345,-114179
(県)沼津9-1,沼津市小諏訪字奥内殿909番,,1689,"54,000",-0.9,工場、倉庫、営業所等が混在する工業地域,30822.23868,-98531.725
(県)熱海-1,熱海市伊豆山字堀坂442番6,,172,"55,600",-1.4,中規模一般住宅、アパート等の混在する高台の住宅地域,52795.59268,-98134.04159
(県)熱海-2,熱海市泉元宮上分字寺坂140番5,,228,"45,800",-1.3,高台にある熟成途上の一般住宅地域,53015.45837,-95373.43582
(県)熱海-3*,熱海市桜町1601番18外,「桜町５−23」,223,"68,000",-1.3,中規模一般住宅が多い既成住宅地域,51660.06642,-100981.0173
(県)熱海-4,熱海市西山町601番14,「西山町38−５」,231,"65,500",-1.4,中規模住宅のほかに保養所等が混在する住宅地域,51763.83223,-99397.05207
(県)熱海-5,熱海市青葉町1883番124,「青葉町１−３」,153,"55,800",-1.2,一般住宅のほかに店舗併用住宅が見られる住宅地域,50613.6241,-101100.646
(県)熱海-6,熱海市上多賀字曽根田519番9,,155,"54,500",-0.9,中小規模の一般住宅が多い住宅地域,51853.51978,-103528.617
(県)熱海-7,熱海市下多賀字夕家町383番6,,198,"55,500",-0.9,中小規模の一般住宅が見られる住宅地域,52749.85604,-106197.2085
(県)熱海-8,熱海市伊豆山字上七尾1120番17外,,167,"51,000",-1.5,一般住宅の他、リゾートマンションの進出が多く見られる住宅地域,53092.42574,-97123.7356
(県)熱海5-1,熱海市田原本町184番5,「田原本町４−19」,176,"145,000",0.0,中小規模のホテル、旅館、小売店舗が建ち並ぶ駅に近い商業地域,52499,-99511
(県)熱海5-2*,熱海市銀座町357番5,「銀座町５−９」,81,"140,000",-0.7,名産店、飲食店等が多い温泉街の商業地域,52372,-100119
(県)熱海5-3,熱海市下多賀字砂田433番5外,,365,"64,000",-2.1,店舗・一般住宅・アパートが混在する国道背後の商業地域,53081.42199,-105809.1315
(県)三島-1,三島市藤代町4番3,,201,"99,800",0.0,一般住宅が建ち並ぶ住宅地域,38667.02571,-99057.89074
(県)三島-2*,三島市大宮町2丁目3547番2,「大宮町２−13−15」,171,"153,000",1.3,中規模一般住宅が多い閑静な既存の住宅地域,38276.27556,-97018.50365
(県)三島-3,三島市谷田字品草2313番,,168,"91,000",0.0,中規模一般住宅が建ち並ぶ分譲住宅地域,40011.13336,-98036.0294
(県)三島-4,三島市南町264番58,「南町13−28」,165,"124,000",0.8,一般住宅を中心とし、事務所等も見られる住宅地域,37615.44946,-98536.10833
(県)三島-5,三島市徳倉4丁目724番5,「徳倉４−33−17」,165,"94,500",0.0,一般住宅が建ち並ぶ区画整然とした住宅地域,37593.68491,-94731.8157
(県)三島-6,三島市東本町1丁目702番10,「東本町１−３−27」,167,"140,000",0.7,一般住宅、アパート等が混在する既成の住宅地域,38297.98629,-97981.91057
(県)三島-7,三島市東町884番7,「東町１−12」,236,"140,000",0.7,一般住宅の建ち並ぶ閑静な住宅地域,38520,-97842
(県)三島-8,三島市中田町525番6,「中田町７−27」,159,"139,000",0.7,中規模一般住宅が多い閑静な住宅地域,38018.06592,-98222.21263
(県)三島-9,三島市谷田字梨ノ木山1982番58,,185,"66,800",選定替,一般住宅が建ち並ぶ区画整然とした住宅地域,40498,-98720
(県)三島-10,三島市佐野字下鴛渕436番10,,249,"41,500",0.0,農家住宅が見られる周囲に農地の多い住宅地域,38063,-97886
(県)三島5-1,三島市本町1747番1,「本町３−36」,201,"180,000",-0.6,小売店舗、銀行等が建ち並ぶ高度商業地域,37746.22315,-97601.28148
(県)三島5-2,三島市寿町2635番5外,「寿町９−27」,424,"173,000",0.0,市道沿いに店舗、事務所等が建ち並ぶ商業地域,37187,-97061
(県)三島5-3,三島市北田町1390番2,「北田町６−21」,124,"152,000",0.0,店舗、事務所、マンション等が見られる近隣商業地域,38063,-97886
(県)三島5-4*,三島市一番町2700番6外,「一番町15−21」,347,"299,000",0.0,中層ビル、小売店舗が建ち並ぶ駅前商業地域,37565.1387,-96958.27299
(県)富士宮-1,富士宮市ひばりが丘481番,,173,"58,200",-1.4,一般住宅のほかに店舗等が見られる住宅地域,10791.91903,-84858.6135
(県)富士宮-2,富士宮市源道寺町1387番,,207,"60,700",-1.3,中規模一般住宅が多い鉄道駅に近い住宅地域,11446.90229,-87144.7403
(県)富士宮-3,富士宮市万野原新田字宮五本松4108番14,,194,"38,500",-1.3,中規模一般住宅が多い郊外の閑静な新興住宅地域,10861.24085,-82500.65429
(県)富士宮-4,富士宮市万野原新田字琴平道東3320番24,,202,"49,700",-0.2,中規模一般住宅が建ち並ぶ新興住宅地域,11510,-83156
(県)富士宮-5,富士宮市山本字中戸原463番3,,229,"38,200",-2.1,一般住宅のほかに農地等が見られる住宅地域,11412.16186,-88333.03691
(県)富士宮-6,富士宮市外神東町155番9,,263,"42,500",-1.2,中規模一般住宅が多い区画整然とした住宅地域,9977.40425,-82377.33493
(県)富士宮-7,富士宮市淀川町25番11,「淀川町11−12」,202,"58,800",-1.0,中規模一般住宅が建ち並ぶ区画整理済みの住宅地域,9269,-85091
(県)富士宮-8,富士宮市舞々木町579番,,201,"53,200",-1.1,中小規模一般住宅が建ち並ぶ住宅地域,11326.15387,-84243.47739
(県)富士宮-9,富士宮市矢立町474番,,202,"65,200",-0.8,中規模一般住宅が多い利便性の良い住宅地域,11213.81948,-85987.19189
(県)富士宮-10,富士宮市宮原字中本村375番15,,166,"49,000",-1.0,一般住宅のほか、空地等が見られる郊外の住宅地域,10121.90035,-83365.47576
(県)富士宮-11,富士宮市小泉字寺ノ後1638番194,,200,"45,500",-1.5,一般住宅のほかアパート、農地等が見られる住宅地域,12561,-85625
(県)富士宮-12,富士宮市小泉字荻間591番9,,184,"54,400",-0.5,一般住宅のほかに空地等が見られる住宅地域,12228.02537,-86972.97262
(県)富士宮-13*,富士宮市若の宮町812番,,251,"67,500",-1.5,中規模一般住宅が多い既成の住宅地域,10647.11439,-85622.0725
(県)富士宮-14,富士宮市大中里字甲石857番4,,161,"43,800",-1.8,一般住宅の中に畑等が多く見られる住宅地域,8744.653299,-86211.66109
(県)富士宮-15,富士宮市野中字中村989番11,,183,"48,500",-1.4,一般住宅の中に農地等も見られる住宅地域,10039,-87212
(県)富士宮-16,富士宮市富士見ケ丘846番,,212,"54,200",-1.3,戸建住宅を中心に市営住宅等が介在する住宅地域,11247.10362,-84997.74303
(県)富士宮-17,富士宮市沼久保字西谷外678番1,,483,"19,900",-3.9,農家住宅が建ち並ぶ古くからの住宅地域,8407.458564,-88823.32453
(県)富士宮-18,富士宮市村山字横沢1001番3,,338,"15,600",-2.5,農家住宅が散在する山間の住宅地域,14781.49111,-82938.76599
(県)富士宮-19,富士宮市北山字堀久保4367番4,,221,"22,400",-2.6,周辺に農地の目立つ一般住宅と農家の混在地域,10016.68697,-79397.74073
(県)富士宮-20,富士宮市小泉字大辻2494番12外,,165,"30,500",-2.6,周囲には空地も多く見られる分譲住宅地域,13328.72386,-85489.58694
(県)富士宮-21,富士宮市外神字久保1799番38,,330,"25,800",-2.6,農家住宅、一般住宅が散在する農地の多い住宅地域,8921,-81916
(県)富士宮-22,富士宮市青木字東谷戸384番2,,213,"35,800",-2.5,一般住宅が見られる農地等の多い住宅地域,8461.233022,-83769.50486
(県)富士宮-23,富士宮市下条字堀之内710番6,,372,"24,000",選定替,中規模一般住宅と農家住宅が混在する住宅地域,7054,-81168
(県)富士宮-24,富士宮市羽鮒字松林774番10,,200,"24,000",-2.0,中規模一般住宅が建ち並ぶ分譲住宅地域,6339.140697,-88348.64358
(県)富士宮-25,富士宮市内房字落合3890番11,,267,"20,200",-2.4,中規模一般住宅が多い分譲住宅地域,4664.132052,-89381.86425
(県)富士宮-26,富士宮市上稲子字赤丸3944番2,,367,"8,200",-2.4,在来の農家住宅を中心に小売店舗も介在する国道沿いの集落地域,2990.78123,-82816.28844
(県)富士宮5-1,富士宮市大宮町162番4,「大宮町13−６」,134,"83,700",-2.7,小売店舗が建ち並ぶ繁華な商業地域,10337,-86108
(県)富士宮5-2,富士宮市ひばりが丘691番外,,988,"61,200",-2.1,自動車関連の営業所や郊外型店舗が混在する国道沿いの商業地域,10957.00807,-84999.23947
(県)富士宮5-3,富士宮市西町643番15,「西町７−６」,143,"63,200",-2.0,小売店舗、一般住宅が混在する既成商業地域,9606,-85682
(県)富士宮5-4,富士宮市錦町1621番16外,「錦町２−14」,141,"73,500",-2.0,店舗、事務所、一般住宅が混在する駅南の商業地域,10434.67978,-86571.20482
(県)富士宮5-5*,富士宮市中央町150番5外,「中央町４−９」,254,"98,000",-2.0,中規模の小売店舗が多い駅前の中心的商業地域,10426.35424,-86215.08624
(県)富士宮9-1,富士宮市小泉字前田843番1,,2200,"30,800",0.0,中小規模の工場、倉庫、一般住宅等が混在する工業地域,11847.57243,-87408.00004
(県)富士宮9-2,富士宮市山宮字下蒲沢2260番3外,,1472,"28,100",-0.7,小規模工場、一般住宅等の混在する地域,10649.42155,-81488.10539
(県)伊東-1,伊東市八幡野字上道1194番26,,168,"37,500",-0.8,一般住宅のほかアパ−ト等も見られる住宅地域,55112.12727,-124278.6715
(県)伊東-2,伊東市川奈字奥水無田1182番331外,,235,"49,000",-1.0,中規模一般住宅が建ち並ぶ分譲住宅地域,56632,-116441
(県)伊東-3,伊東市富戸字先原1317番3819,,334,"20,100",0.0,別荘、保養所が多い眺望に優れる別荘地域,55673.60762,-121759.0827
(県)伊東5-1,伊東市湯川1丁目127番2,「湯川１−16−12」,94,"140,000",-0.7,名産店、飲食店等が多い駅前の商業地域,54110,-113665
(県)伊東5-2,伊東市竹の内2丁目91番16外,「竹の内２−６−３」,241,"78,500",-0.6,小売店舗が建ち並ぶ既成商業地域,54650.08683,-114287.784
(県)伊東5-3,伊東市弥生町524番7,「弥生町３−２」,96,"88,100",-0.9,小売店舗、飲食店等が連たんする商業地域,54055.84107,-114589.9218
(県)伊東5-4,伊東市桜ガ丘1丁目157番2,「桜ガ丘１−２−５」,273,"84,200",-0.9,小売店舗が多い駅近くの路線商業地域,53809.03771,-115480.0589
(県)伊東5-5,伊東市宇佐美字大境1814番14外,,137,"86,200",-1.5,小売店舗が建ち並ぶ駅前の商業地域,53026.34473,-110127.5926
(県)島田-1,島田市阿知ヶ谷字町下130番6外,,167,"59,000",0.0,中小規模一般住宅の中に、空地等が見られる既成住宅地域,-27118.76711,-128830.1599
(県)島田-2*,島田市中央町4番3,,128,"79,500",-1.9,一般住宅が多く見られる市役所に近い住宅地域,-29778.02542,-128945.9366
(県)島田-3,島田市横井3丁目5061番7,「横井３−12−14」,165,"74,200",-0.4,一般住宅が多い既成住宅地域,-30099.17309,-129997.0121
(県)島田-4,島田市井口599番,,216,"41,100",-2.1,一般住宅と農家住宅等が混在する周囲に農地の多い住宅地域,-25076.14931,-132596.5672
(県)島田-5,島田市向谷元町1117番24,,166,"57,700",-1.7,中小規模一般住宅が多い郊外の分譲住宅地域,-31542.95063,-128268.3034
(県)島田-6,島田市道悦3丁目221番,「道悦３−18−23」,268,"69,800",0.0,中規模一般住宅が多い区画整理済の住宅地域,-26988,-129482
(県)島田-7,島田市金谷栄町3224番外,,195,"56,100",-2.4,中規模住宅が多い土地区画整理済みの新興住宅地域,-33891.69491,-129468.4018
(県)島田-8,島田市金谷天王町1737番6,,171,"47,500",-4.6,一般住宅の中に空地、アパート等が見られる住宅地域,-33386.28344,-130765.4383
(県)島田-9,島田市川根町家山字八幡前1080番6外,,384,"27,800",-3.5,一般住宅、農家住宅の混在する住宅地域,-39240,-117321
(県)島田-10,島田市川根町抜里字向海戸497番2,,236,"15,400",-3.1,国道沿いの既存住宅を主に店舗等も見られる住宅地域,-38232,-115915
(県)島田-11,島田市御仮屋町7561番4外,,230,"66,500",選定替,一般住宅の中にアパート、事務所等が見られる住宅地域,-28454,-129419
(県)島田5-1,島田市本通7丁目8406番1,,152,"73,700",-2.0,低層小売店舗等が建ち並ぶ既成商業地域,-29147,-129485
(県)島田5-2,島田市本通2丁目4番4,,201,"96,600",-1.9,中小規模小売店舗が建ち並ぶ駅に近い商業地域,-29839.32935,-129437.9508
(県)島田5-3,島田市金谷扇町397番1,,367,"56,600",-2.4,低層の店舗併用住宅が見られる県道沿いの商業地域,-33568.95663,-129985.6222
(県)島田5-4,島田市川根町家山字市場650番9,,156,"40,500",-4.7,小売店舗を中心とする古くからの商業地域,-38748.92452,-117282.4128
(県)島田9-1,島田市東町2093番1,,1156,"32,700",-0.6,中小規模工場が建ち並ぶ内陸型の工業団地,-25308,-129734
(県)富士-1,富士市宮島字大崎816番15,,178,"67,300",-2.5,一般住宅のほかにアパート等も見られる住宅地域,14410.98362,-95989.54513
(県)富士-2,富士市松本字砂田31番20,,148,"78,200",0.0,一般住宅が建ち並ぶ既成住宅地域,13754.86204,-92343.40666
(県)富士-3,富士市厚原字八笠1896番61,,202,"57,900",-0.5,中規模一般住宅が多い郊外の新興住宅地域,14898.72711,-89369.35742
(県)富士-4,富士市岩本字滝戸362番5,,225,"59,700",-0.5,一般住宅のほかにアパート等が見られる住宅地域,12929.23827,-90841.2642
(県)富士-5,富士市川成新町190番外,,257,"82,000",-3.5,中規模一般住宅のほかに空地等も見られる区画整理済の住宅地域,14978.51482,-95987.23925
(県)富士-6,富士市伝法字土手上7番19,,179,"65,500",-0.5,中規模一般住宅が多い新興住宅地域,16164.45482,-89922.3465
(県)富士-7,富士市大渕字荻ノ原95番52外,,281,"48,600",-1.2,一般住宅の中に空地等が見られる高台の住宅地域,17536.44861,-89434.95162
(県)富士-8,富士市神戸字寺下659番10,,198,"52,400",-1.7,一般住宅、農家住宅が混在する新興住宅地域,19401.99289,-89905.60314
(県)富士-9*,富士市国久保1丁目2111番8外,「国久保１−７−５」,211,"74,900",-0.4,中規模一般住宅が多い利便性の良い住宅地域,16781,-91968
(県)富士-10,富士市宇東川東町167番24,「宇東川東町６−22」,245,"66,000",-0.8,中規模一般住宅の建ち並ぶ既成住宅地域,18641.27797,-92309.18812
(県)富士-11,富士市青葉町420番外,,249,"117,000",0.0,中規模一般住宅が多い区画整理済の住宅地域,14595.75049,-92987.16624
(県)富士-12,富士市瓜島町155番,,265,"97,000",0.0,一般住宅を中心に共同住宅や事務所も見られる住宅地域,15850.4095,-92736.2301
(県)富士-13,富士市厚原字長沢343番26外,,173,"62,300",-0.8,一般住宅の中に社会福祉施設等が見られる住宅地域,14321.96307,-91045.01168
(県)富士-14,富士市中里字新屋敷1085番3,,158,"60,300",-0.3,一般住宅、農家住宅が混在する郊外の住宅地域,21633.81148,-92722.54423
(県)富士-15,富士市増川新町46番,,186,"68,200",-0.4,一般住宅のほかアパート等が建ち並ぶ区画整理済みの住宅地域,22278,-93384
(県)富士-16,富士市久沢字峯畑894番3,,171,"60,300",-1.1,一般住宅、アパート等が混在する住宅地域,13622.89168,-88870.7492
(県)富士-17,富士市桧新田字居村下197番1,,187,"43,300",-3.8,一般住宅のほか農地も見られる住宅地域,21006.2556,-95553.40143
(県)富士-18,富士市松岡字富島1388番165,,198,"74,300",0.0,一般住宅が建ち並ぶほか、空地等も見られる住宅地域,12810.9143,-94619.28043
(県)富士-19,富士市三ツ沢字中木添92番11,,165,"54,200",-1.5,一般住宅を中心にアパート、農地等が介在する住宅地域,18643,-90906
(県)富士-20,富士市厚原字横道下1387番12,,247,"69,600",-0.3,一般住宅、アパート等が混在する住宅地域,14188.82452,-89537.05217
(県)富士-21,富士市宮下字大道下304番3,,168,"69,500",-1.4,一般住宅のほか農地が見られる住宅地域,13073,-95703
(県)富士-22,富士市宮島字十兵衛河原102番11,,253,"73,500",-1.3,中規模一般住宅が建ち並ぶ住宅地域,13910,-95255
(県)富士-23,富士市天間字代山1461番26,,175,"60,800",-1.1,中小規模一般住宅が多い高台の新興住宅地域,13203.58847,-88658.22419
(県)富士-24,富士市松岡字新町1015番16外,,165,"70,300",-0.7,中規模一般住宅が多い郊外の閑静な住宅地域,12022.90144,-92910.48727
(県)富士-25,富士市中島字天神川原378番18,,132,"99,700",-0.3,一般住宅が建ち並ぶ県道背後の住宅地域,13933.25898,-92956.68548
(県)富士-26,富士市柚木字河原49番11外,,165,"84,200",-0.5,一般住宅のほか農地も見られる住宅地域,13173,-92990
(県)富士-27,富士市松岡字六軒屋上1192番15,,160,"79,200",0.0,一般住宅、アパート等が混在する住宅地域,12824.91057,-93867.66165
(県)富士-28,富士市荒田島町80番外,「荒田島町６−８」,222,"87,300",-0.8,一般住宅が多い区画整然とした住宅地域,16838.13012,-93540.43866
(県)富士-29,富士市中之郷字新町3659番5,,165,"57,500",-2.0,一般住宅の中に寺院等が見られる住宅地域,10518.11258,-94988.30641
(県)富士-30,富士市南松野字原方2836番3,,268,"36,100",-2.4,一般住宅、農家住宅等が連たんし、周囲には農地が広く残る住宅地域,8909,-90686
(県)富士-31,富士市岩本字高徳坊537番66,,202,"42,600",-2.1,一般住宅が建ち並ぶ高台の住宅地域,12597,-90501
(県)富士-32,富士市伝法字中桁1273番1,,206,"57,200",-1.0,一般住宅、農家住宅が混在する住宅地域,14502.59694,-91545.74153
(県)富士-33,富士市大渕字狐窪2855番3,,206,"44,300",-1.6,農地の中に一般住宅が多い住宅地域,16493.89321,-87630.66339
(県)富士-34,富士市川尻字村添59番2,,291,"38,200",-4.5,農家住宅と一般住宅が混在する水田地帯の中の住宅地域,21868.41134,-93886.41175
(県)富士5-1,富士市中里字池下51番3外,,470,"64,200",-2.0,低層の店舗、事務所等が混在する路線商業地域,21503,-93322
(県)富士5-2,富士市元町374番7,「元町17−13」,112,"94,500",-0.5,店舗、事務所、駐車場、共同住宅等が混在する商業地域,13366,-93798
(県)富士5-3,富士市富士町738番,「富士町14−６」,91,"98,000",-1.0,小規模の低中層店舗ビル、事務所ビルが多い、駅に近い商業地域,13565,-93913
(県)富士5-4,富士市瓜島町79番,,1130,"116,000",-0.9,店舗ビル、事務所ビルが建ち並ぶ路線商業地域,15536.80753,-92558.78732
(県)富士5-5,富士市本市場字国久125番28,,138,"94,500",-1.0,小売店舗、事務所等が多い県道沿いの商業地域,13917.56838,-93450.26812
(県)富士5-6,富士市吉原2丁目230番3外,「吉原２−６−４」,173,"89,000",-2.2,中層の店舗ビル等が建ち並ぶ商業地域,16966.57193,-92828.62562
(県)富士5-7,富士市青島町221番2,,363,"101,000",-1.0,店舗、事務所、住宅のほか駐車場もみられる地域,15895,-93246
(県)富士5-8*,富士市本町30番11,「本町10−17」,113,"100,000",-2.0,小規模な小売店舗が建ち並ぶ駅前商業地域,13753.72679,-93729.79134
(県)富士5-9,富士市岩淵字上ノ原13番8,,165,"56,700",-2.2,小売店舗、一般住宅等が混在する県道沿いの商業地域,10904,-94639
(県)富士5-10,富士市津田字元往還13番1外,,481,"73,600",-0.5,店舗や営業所を中心に一般住宅等が介在する路線商業地域,16930.33783,-93642.97232
(県)富士9-1,富士市今泉字花ノ木617番2外,,2029,"37,300",-0.5,中小規模の工場、倉庫等が混在する工業地域,18495.20039,-93673.31798
(県)富士9-2,富士市大渕字市十窪2463番10外,,1843,"42,000",0.0,中小工場のほかに住宅も見られる工業地域,15827,-88839
(県)磐田-1*,磐田市国府台字桜新田27番16,,230,"81,200",1.0,中規模一般住宅が多い区画整理済みの住宅地域,-59777.98482,-141840.4291
(県)磐田-2,磐田市二之宮東16番11外,,201,"74,600",1.8,中規模一般住宅が多い利便性の良い住宅地域,-58821.08739,-142656.1707
(県)磐田-3,磐田市中泉字往還南3035番21,,133,"55,300",1.1,小規模の一般住宅が多い古くからの住宅地域,-60131,-142630
(県)磐田-4,磐田市富士見町2丁目2番15,,255,"71,200",2.0,中規模一般住宅が建ち並ぶ区画整然とした丘陵地の住宅地域,-57771,-140492
(県)磐田-5,磐田市明ヶ島字戌亥原962番35外,,208,"64,000",0.8,一般住宅が密集する区画整然とした住宅地域,-56744.41116,-140675.0854
(県)磐田-6,磐田市大泉町14番6,,223,"61,400",0.0,中規模一般住宅が建ち並ぶ区画整然とした住宅地域,-59224,-143933
(県)磐田-7,磐田市東貝塚字西原1251番31,,201,"53,400",0.0,一般住宅が建ち並ぶ郊外の住宅地域,-57099.90497,-142419.5276
(県)磐田-8,磐田市福田字水神野5096番1,,227,"19,200",-9.0,中規模の一般住宅が多い海岸近くの住宅地域,-56524.76444,-147366.4669
(県)磐田-9,磐田市福田中島字中685番2,,205,"32,200",-8.8,農地と共に織布工場も混在する普通住宅地域,-57402.16573,-146291.9008
(県)磐田-10,磐田市池田字北浦167番2外,,226,"53,100",0.0,一般住宅の中にアパート等も見られる住宅地域,-62654.4805,-139609.7544
(県)磐田-11,磐田市竜洋中島字村西1121番423外,,163,"40,500",-7.5,農家住宅、一般住宅が混在する既成の住宅地域,-63503.95134,-143266.5885
(県)磐田-12,磐田市匂坂中字東通798番2,,483,"34,600",-1.1,農家住宅と一般住宅が混在する農地の多い既成の住宅地域,-61032.74238,-137596.933
(県)磐田-13,磐田市鎌田字寺前570番7,,267,"40,000",-0.5,一般住宅と農家住宅が混在する既存の住宅地域,-56356.63893,-142643.068
(県)磐田-14,磐田市白拍子字千寿46番4外,,332,"34,500",-8.0,一般住宅と農家住宅が混在する郊外の農地の多い住宅地域,-61363.29301,-145089.1183
(県)磐田-15,磐田市大原字源三野2062番18,,203,"35,500",-4.6,一般住宅が建ち並ぶ郊外の大規模分譲住宅地域,-58728.85354,-144926.0991
(県)磐田-16,磐田市豊岡字西堀964番1,,241,"30,800",-8.1,農地の中に一般住宅と農家住宅が混在する住宅地域,-64017.2355,-145339.3503
(県)磐田-17,磐田市加茂1209番4,,200,"45,500",0.0,一般住宅と農家が混在する農地の多い住宅地域,-62013.76948,-139643.7053
(県)磐田-18,磐田市下神増字堤外303番31,,262,"42,000",-0.7,一般住宅が建ち並ぶ区画整然とした住宅地域,-60650.2632,-131650.003
(県)磐田5-1,磐田市中泉589番6,,169,"102,000",0.0,小売店舗等が建ち並ぶ駅前通り沿いの商業地域,-59362.76422,-142746.5577
(県)磐田5-2,磐田市見付字西坂2610番6,,95,"84,200",0.0,小売店舗の中に一般住宅等が見られる商業地域,-58993.6711,-141088.7472
(県)磐田5-3,磐田市福田字村中1932番1,,247,"32,500",-9.0,低層の小売店舗が建ち並ぶ商店街,-56724.59977,-146528.0276
(県)磐田5-4,磐田市白羽字中白羽121番2外,,339,"46,800",-8.2,店舗、事務所、営業所が建ち並ぶ国道沿いの商業地域,-64186.14758,-146807.3779
(県)磐田5-5,磐田市森下字森東78番2,,335,"75,400",-0.9,低層の店舗、事務所等が建ち並ぶ路線商業地域,-62056.337,-141487.6996
(県)磐田5-6,磐田市弥藤太島字下川田559番1内,,1508,"60,800",-1.6,中規模の自動車関連営業所等が多い路線商業地域,-62117.81363,-141266.2836
(県)磐田9-1,磐田市須恵新田字寄洲1番1 外,,3153,"17,000",-14.1,大規模工場のほか中小規模工場もみられる街区整然とした工業地域,-61411,-148579
(県)焼津-1,焼津市駅北4丁目12番3,「駅北４−12−24」,200,"73,700",-3.0,中規模一般住宅が多い区画整理済みの住宅地域,-16516.51785,-124766.1306
(県)焼津-2,焼津市焼津2丁目8番11,「焼津２−８−23」,120,"75,300",-3.1,一般住宅を主に事務所等も見られる区画整然とした住宅地域,-17054.40249,-125771.4133
(県)焼津-3,焼津市石津向町28番10外,,271,"48,500",-8.8,中規模の一般住宅が多い区画整理済みの郊外の新興住宅地域,-16271.50628,-128594.0888
(県)焼津-4*,焼津市西小川2丁目4番10,,175,"78,700",-3.0,一般住宅の中に店舗等が混在する区画整然とした住宅地域,-17363.32462,-126507.269
(県)焼津-5,焼津市大村1丁目14番12,,211,"68,900",-3.0,中規模一般住宅が多い区画整理済みの普通住宅地域,-17608,-124817
(県)焼津-6,焼津市小土字道東257番22,,199,"73,000",0.0,中規模一般住宅が多い郊外の新興住宅地域,-18783.43629,-125401.4467
(県)焼津-7,焼津市小川新町4丁目1901番5,「小川新町４−２−17」,252,"46,000",-6.7,住宅、アパート、店舗が混在する既成住宅地域,-16585.5718,-127071.9126
(県)焼津-8,焼津市西小川4丁目10番22外,,257,"74,300",-3.0,一般住宅が多い区画整然とした普通住宅地域,-17670.73648,-127198.376
(県)焼津-9,焼津市五ケ堀之内字道南1255番3,,165,"72,900",-0.8,中規模一般住宅が多い郊外の新興住宅地域,-17673,-127018
(県)焼津-10,焼津市高新田字宮島1821番3外,,195,"24,500",-7.5,中規模一般住宅のほかに農地も見られる住宅地域,-17857.6828,-133766.0573
(県)焼津-11,焼津市塩津字三石地213番2,,166,"63,000",-2.3,一般住宅を主に工場、倉庫等が混在する地域,-17708.0761,-125516.1182
(県)焼津-12,焼津市保福島字4丁目447番2,,230,"44,000",-2.2,中規模一般住宅と農家住宅等が見られる周辺に農地が多い住宅地域,-19627.22643,-124971.7428
(県)焼津-13,焼津市一色字一色20番20,,159,"39,400",-2.7,農地の中に新興の一般住宅が介在する住宅地域,-17582.25753,-130361.5417
(県)焼津-14,焼津市上新田字東793番3,,196,"39,000",-1.8,中規模一般住宅と農家住宅が混在する農地の多い住宅地域,-20945.11459,-131006.4264
(県)焼津-15,焼津市利右衛門字天王820番,,215,"34,000",-5.6,一般住宅のほかに店舗等も見られる県道沿いの既成住宅地域,-18866.8425,-133955.3885
(県)焼津5-1,焼津市栄町3丁目102番4外,「栄町３−３−37」,138,"77,200",-5.3,中低層小売店舗が建ち並ぶ駅前の商業地域,-16449,-125325
(県)焼津5-2,焼津市本町4丁目710番1,「本町４−10−31」,261,"69,000",-6.4,小売店舗等が建ち並ぶ商業地域,-16421.10556,-126051.3372
(県)掛川-1*,掛川市中央3丁目51番,,241,"71,200",-0.3,中規模一般住宅が多い、区画整然とした住宅地域,-45446.6108,-136266.8923
(県)掛川-2,掛川市北門224番,,170,"61,200",-0.2,中規模の一般住宅が多い区画整然とした住宅地域,-44357.24826,-135185.72
(県)掛川-3,掛川市宮脇1丁目20番19外,,219,"50,500",0.0,中小規模の一般住宅が並ぶ住宅地域,-43064.08037,-135328.7126
(県)掛川-4,掛川市緑ケ丘2丁目6番13,,264,"64,600",-0.3,一般住宅等が建ち並ぶ区画整理済みの住宅地域,-43537.11659,-136471.5818
(県)掛川-5,掛川市久保1丁目212番外,「久保１−16−12」,195,"65,800",-0.5,一般住宅が建ち並ぶ区画整理済みの住宅地域,-45239,-136708
(県)掛川-6,掛川市青葉台561番34,「青葉台14−13」,210,"47,200",-1.3,一般住宅が建ち並ぶ区画整然とした郊外の分譲住宅地域,-42801.33409,-136199.562
(県)掛川-7,掛川市子隣字通ノ谷283番25,,240,"33,400",-0.9,中規模一般住宅が建ち並ぶ丘陵地の住宅地域,-41641,-139574
(県)掛川-8,掛川市本郷字東坪1410番9,,269,"32,800",-0.6,一般住宅が建ち並ぶ区画整然とした郊外の住宅地域,-49705.16524,-131972.1509
(県)掛川-9,掛川市葛ヶ丘1丁目19番11,,229,"48,400",0.0,中規模一般住宅が建ち並ぶ郊外の住宅地域,-43083,-134211
(県)掛川-10,掛川市横須賀字倉ノ谷1558番,,270,"19,800",-6.6,一般住宅が見られる町の中心部に近い既成の住宅地域,-47929,-145669
(県)掛川-11,掛川市千浜字三久4879番5,,240,"16,800",-7.7,中規模の一般住宅が多い県道背後の住宅地域,-39453.48007,-148461.3249
(県)掛川-12,掛川市大渕字雨垂東8367番1,,355,"13,600",-6.8,農地の中に農家住宅や一般住宅が散在する郊外の住宅地域,-45505.03366,-147422.5956
(県)掛川5-1,掛川市駅前8番4内,,159,"142,000",-0.7,中層の店舗、事務所ビルが建ち並ぶ中心商業地域,-44305.74914,-136311.5007
(県)掛川5-2,掛川市掛川字西町417番3,,161,"70,300",-0.6,低層小売店舗が建ち並ぶ近隣商業地域,-44900,-136029
(県)掛川5-3,掛川市南2丁目11番1,「南２−１−16」,395,"106,000",-0.9,中層の事務所、ホテルが見られる駅南の商業地域,-44380.89548,-136771.9876
(県)掛川5-4,掛川市横須賀字中本町573番,,310,"24,900",-7.1,低層店舗と住宅が混在する古くからの近隣商業地域,-47513.49472,-146068.8895
(県)掛川5-5,掛川市大坂字與惣455番1,,405,"32,500",-4.7,低層店舗、店舗兼住宅等が建ち並ぶ商業地域,-41605.90533,-147488.5081
(県)掛川5-6,掛川市細田字二の坪250番1外,,3653,"49,800",-1.0,自動車関連の店舗が多い路線商業地域,-47125.38441,-135937.9169
(県)掛川9-1,掛川市下垂木字道下2435番外,,6175,"29,000",-1.7,中規模工場のほか農地、店舗が見られる工業地域,-47633.08234,-135622.2319
(県)藤枝-1,藤枝市下青島字十二社山37番120,,223,"69,000",0.0,中規模一般住宅が建ち並ぶ区画整然とした住宅地域,-24063.97294,-127860.1454
(県)藤枝-2,藤枝市岡出山3丁目10番5,「岡出山３−10−６」,216,"68,300",-0.7,一般住宅を主に事務所、アパート等が混在する住宅地域,-21860,-125354
(県)藤枝-3,藤枝市田沼3丁目19番9,「田沼３−19−10」,221,"101,000",1.0,中規模一般住宅を中心とした区画整理済みの住宅地域,-22295.55831,-128042.5929
(県)藤枝-4,藤枝市高柳1丁目184番1,「高柳１−９−５」,264,"73,500",0.7,中規模一般住宅が多く農地も見られる新興住宅地域,-21496.48012,-127511.7709
(県)藤枝-5,藤枝市茶町2丁目1035番4,「茶町２−12−５」,171,"63,500",-0.5,一般住宅が多い区画整理済みの住宅地域,-23229.45052,-125406.167
(県)藤枝-6,藤枝市南駿河台4丁目13番3,「南駿河台４−13−３」,295,"81,300",0.0,中規模一般住宅が多い区画整然とした新興住宅地域,-24410,-126368
(県)藤枝-7,藤枝市下藪田字宮脇26番15,,244,"49,800",-2.4,中規模一般住宅が多い開発された新興住宅地域,-22028.38744,-123180.3382
(県)藤枝-8,藤枝市志太2丁目430番5,「志太２−６−３」,181,"65,100",-0.6,中小規模一般住宅の中に農地が見られる新興住宅地域,-23156.78631,-126277.8145
(県)藤枝-9,藤枝市藤岡5丁目1番131,「藤岡５−24−19」,169,"60,500",-2.7,中規模一般住宅が建ち並ぶ区画整然とした住宅地域,-21409,-123795
(県)藤枝-10*,藤枝市小石川町2丁目818番6外,「小石川町２−４−23」,215,"78,700",0.5,一般住宅が多く、事務所等が見られる住宅地域,-22296.17414,-126937.8742
(県)藤枝-11,藤枝市五十海4丁目5番14,「五十海４−５−38」,236,"62,300",-1.7,中規模一般住宅が多い区画整理済みの新興住宅地域,-21856.05645,-124164.6856
(県)藤枝-12,藤枝市岡部町岡部字天神前378番1,,187,"51,800",-1.5,一般住宅の中に農地が見られる区画整理済みの新興住宅地域,-20194.4345,-120274.9735
(県)藤枝-13,藤枝市宮原字向島721番,,155,"24,100",-2.8,農家住宅、一般住宅が混在する周囲に農地の多い住宅地域,-27075.78793,-122068.9134
(県)藤枝-14,藤枝市青南町3丁目2番8,,234,"45,600",-0.9,中規模一般住宅のほかに農地が多く見られる住宅地域,-23903.8538,-129583.1481
(県)藤枝-15,藤枝市下当間56番,,263,"43,300",-2.3,一般住宅、農家住宅等が混在する既成の住宅地域,-19849.25931,-123089.6463
(県)藤枝-16,藤枝市岡部町村良字町の坪458番4外,,231,"33,100",-1.5,一般住宅、農家住宅等が混在する周囲に農地が多く見られる地域,-21183,-120104
(県)藤枝5-1,藤枝市高洲21番21外,,354,"76,500",0.0,中小規模の店舗等の他、一般住宅が見られる商業地域,-21530,-128864
(県)藤枝5-2,藤枝市田沼1丁目15番19外,「田沼１−15−13」,175,"108,000",0.0,中低層の店舗、事務所等が建ち並ぶ区画整理済みの近隣商業地域,-22266.85349,-127729.0146
(県)藤枝5-3,藤枝市上青島字玄力東409番10外,,899,"63,200",-0.8,中規模店舗、営業所等が建ち並ぶ路線商業地域,-25431.27403,-128246.4904
(県)藤枝5-4,藤枝市岡出山2丁目9番13,「岡出山２−９−26」,146,"76,000",-1.3,市役所を中心に店舗併用住宅、事務所等が建ち並ぶ既成商業地域,-22126.31567,-125556.1544
(県)藤枝5-5,藤枝市岡部町内谷字八反田623番4外,,146,"61,100",-3.5,小売店舗が建ち並ぶ古くからの路線商業地域,-20022.00524,-120895.2899
(県)藤枝9-1,藤枝市仮宿字芝添1586番1,,508,"45,500",0.0,中小工場のほか一般住宅も見られる工業地域,-20086.02242,-122399.0939
(県)御殿場-1,御殿場市川島田字石原坂457番8,,155,"77,800",0.0,一般住宅等が見られる住宅地域,38878,-77894
(県)御殿場-2*,御殿場市新橋字樋口1892番12外,,238,"98,000",0.5,一般住宅の中に店舗、空地等が見られる住宅地域,39755.67337,-77629.54746
(県)御殿場-3,御殿場市北久原字両賃田477番6外,,204,"67,500",0.0,一般住宅等が建ち並ぶ郊外の住宅地域,39152.85091,-75770.73331
(県)御殿場-4,御殿場市新橋字子ノ神1629番4,,149,"86,600",0.5,一般住宅及びアパート等が混在する住宅地域,39660.71101,-77900.06927
(県)御殿場-5,御殿場市大坂字堀副238番11外,,193,"64,900",-0.6,小規模の建売住宅が建ち並ぶ郊外の住宅地域,38277.27506,-83620.65139
(県)御殿場-6,御殿場市北久原字馬場623番5,,239,"72,300",0.0,一般住宅、農家住宅等が多い古くからの住宅地域,39781.17701,-76132.63023
(県)御殿場-7,御殿場市神山字松葉1689番10,,193,"50,000",0.0,一般住宅と農家住宅が混在し、周囲に農地の多い住宅地域,38033.86265,-85058.49605
(県)御殿場-8,御殿場市東山字中休場下842番4,,203,"51,000",0.0,農家住宅、一般住宅のほかに別荘も混在する住宅地域,41848.79428,-77363.16114
(県)御殿場-9,御殿場市川島田字大ヌカリ1158番14,,221,"64,400",-0.3,中規模一般住宅が多い市街地に近い住宅地域,37524.0513,-77977.25473
(県)御殿場-10,御殿場市中畑字大子山1674番25,,235,"47,600",-0.4,一般住宅が建ち並ぶ既成の住宅地域,35734.96346,-76126.80812
(県)御殿場5-1,御殿場市川島田字稲谷643番5外,,321,"99,000",-1.0,小売店舗が建ち並ぶ県道沿いの既成商業地域,39203.85771,-77666.78566
(県)御殿場9-1,御殿場市駒門1丁目94番1外,,33650,"26,400",0.0,大中規模工場が建ち並ぶ工業団地,36603.88875,-82253.35542
(県)袋井-1,袋井市方丈3丁目3番12,,232,"64,500",-0.9,一般住宅の中に空地、アパートが見られる区画整然とした住宅地域,-52411.12984,-138711.2001
(県)袋井-2,袋井市睦町15番21外,,188,"61,600",-0.6,アパートも混在する区画整理済みの一般住宅地域,-53270,-139472
(県)袋井-3,袋井市鷲巣字東側591番8,,357,"34,200",-0.6,一般住宅のほか畑も見られる高台の住宅地域,-52382.70523,-137171.8923
(県)袋井-4,袋井市下山梨1丁目10番18,,199,"48,800",0.0,一般住宅が多い郊外の区画整然とした住宅地域,-54076.73707,-135304.4234
(県)袋井-5,袋井市広岡字中ノ立1905番8,,250,"37,700",-0.8,中規模住宅が建ち並ぶ河川沿いの住宅地域,-50582.22911,-138336.4752
(県)袋井-6,袋井市川会字馬草田312番3,,302,"21,500",-1.4,農家住宅、一般住宅が混在する郊外の住宅地域,-56960.67571,-132164.8796
(県)袋井-7,袋井市湊字高田784番4,,300,"19,000",-8.2,農地の中に一般住宅、農家住宅が混在する住宅地域,-52746,-146606
(県)袋井-8,袋井市諸井字山田1357番7,,214,"35,600",-0.8,一般住宅のほか空地も見られる住宅地域,-52918.32558,-141542.4747
(県)袋井5-1,袋井市栄町14番4,,165,"64,000",-2.0,小規模な小売店舗が多い商業地域,-53016.51144,-139241.4317
(県)袋井5-2,袋井市上山梨字金屋敷814番3外,,165,"49,500",-0.4,小売店舗が多い県道沿いの商業地域,-54336,-134017
(県)袋井5-3,袋井市諸井字東田1202番1,,361,"39,600",-1.5,小売店舗、営業所等が建ち並ぶ県道沿いの商業地域,-53106.75739,-141888.4166
(県)袋井9-1,袋井市堀越字長面548番1,,3574,"35,400",-1.7,倉庫、配送センターを主とするインターに近い工業地域,-54427.80062,-138045.8035
(県)下田-1,下田市六丁目748番45,「六丁目38−16」,159,"54,600",-0.4,中小規模の一般住宅が多い高台の住宅地域,39730,-147267
(県)下田-2,下田市六丁目389番15,「六丁目８−６」,104,"58,000",新設,中小規模の一般住宅を中心に店舗等も見られる住宅地域,40115,-146922
(県)下田5-1,下田市一丁目137番4,「一丁目３−９」,78,"95,300",-3.1,中小規模の店舗が建ち並ぶ駅に近い商業地域,40749.4088,-146605.746
(県)裾野-1,裾野市稲荷字稲荷前216番11,,166,"95,800",1.4,一般住宅を主として農地、共同住宅等が介在する住宅地域,38001.98014,-91129.36689
(県)裾野-2,裾野市佐野字大荒句1103番23,,199,"100,000",1.5,一般住宅のほか、共同住宅も見られる住宅地域,36989.4745,-91324.6754
(県)裾野-3,裾野市御宿字箒間1522番13,,165,"75,300",0.0,一般住宅、アパート等が混在する住宅地域,37257.55087,-86680.53832
(県)裾野-4,裾野市伊豆島田字小南816番9外,,272,"101,000",1.0,一般住宅、アパート、空地が混在する土地区画整理済みの住宅地域,36793.34518,-93888.26357
(県)裾野-5,裾野市茶畑字金沢1465番34,,224,"82,500",0.0,一般住宅が建ち並ぶ郊外の住宅地域,38699.98944,-91574.83858
(県)裾野-6,裾野市深良字原3112番32,,197,"64,300",0.0,一般住宅が建ち並ぶ周囲に農地が多い住宅地域,38723.36939,-87476.51373
(県)裾野-7,裾野市石脇字西原621番16,,181,"70,500",0.0,一般住宅等のほかに農地も見られる住宅地域,37698.07275,-88530.82411
(県)裾野-8,裾野市須山字藤原2255番1628,,468,"7,500",-1.3,別荘が多い富士山麓の別荘地域,27115.18371,-81746.38653
(県)裾野5-1,裾野市平松字上ノ原442番2外,,165,"120,000",0.0,小売店舗のほか飲食店等も混在する既成商業地域,37291,-91459
(県)裾野9-1,裾野市金沢字横山下8番2外,,3562,"42,700",0.0,工場、倉庫のほかに住宅も見られる工業地域,36767.01786,-86497.18968
(県)湖西-1*,湖西市鷲津字小名川1040番1外,,210,"70,000",-0.7,一般住宅等が建ち並ぶ利便性の良い住宅地域,-87541.29094,-142609.2103
(県)湖西-2,湖西市梅田字ムメタ397番5,,134,"66,000",0.0,小規模の一般住宅の中に空地等が見られる住宅地域,-92785,-140360
(県)湖西-3,湖西市新居町新居字若宮135番1,,257,"50,500",-9.5,一般住宅の中に事業所等も見られる住宅地域,-85188.33663,-145141.5555
(県)湖西-4,湖西市新居町中之郷字あけぼの3943番,,227,"67,000",選定替,中規模の一般住宅が建ち並ぶ区画整然とした住宅地域,-87184,-143030
(県)湖西-5,湖西市新所字中岡2820番6,,242,"34,000",-5.6,中規模住宅が多い集落内の区画整然とした住宅地域,-88422.42993,-139983.2566
(県)湖西-6,湖西市白須賀字高見街3916番外,,257,"30,200",-1.0,店舗等が見られる旧街道沿いの古くからの住宅地域,-91634,-144866
(県)湖西5-1,湖西市新所原3丁目13番137外,「新所原３−３−33」,101,"84,700",-2.0,小売店舗、営業所等が建ち並ぶ県道沿いの駅前の商業地域,-92862.41805,-141103.8845
(県)湖西9-1,湖西市吉美字笠子3425番,,3301,"24,500",-1.6,中規模工場が建ち並ぶ街区整然とした工業団地,-90199.51384,-143102.0081
(県)伊豆-1,伊豆市牧之郷字沖の原180番1,,161,"63,500",-2.3,一般住宅の中に駐車場等が見られる住宅地域,40593,-111637
(県)伊豆-2,伊豆市修善寺字中畑651番3,,164,"60,500",-3.4,一般住宅の中に空地等も見られる住宅地域,39730.04418,-113652.821
(県)伊豆-3,伊豆市上白岩字上村734番1,,351,"37,500",-2.6,一般住宅の中にアパート等も見られる住宅地域,43926,-114884
(県)伊豆-4,伊豆市土肥字下砂田2666番14外,,211,"44,000",-6.0,一般住宅の中に医院等が見られる住宅地域,26736,-120998
(県)伊豆-5,伊豆市湯ヶ島字大原17番,,272,"33,700",-3.2,一般住宅が多い既存の住宅地域,39319,-122684
(県)伊豆-6,伊豆市雲金字北村80番1,,293,"32,700",-3.3,農家住宅、一般住宅が混在する住宅地域,39929,-116566
(県)伊豆-7,伊豆市冷川字セギ354番1,,382,"18,100",-1.1,農家住宅の中に農地等も見られる住宅地域,48080,-116753
(県)伊豆5-1,伊豆市柏久保字坂下626番4,,60,"102,000",-1.9,各種店舗が連たんする駅前商店街,41153.24871,-113205.9583
(県)伊豆5-2,伊豆市土肥字出口466番14,,233,"66,000",-5.7,店舗、事務所、旅館等が建ち並ぶ商業地域,26761.47423,-120697.0273
(県)伊豆5-3,伊豆市青羽根字海戸355番2,,149,"46,000",-2.1,小売店舗が建ち並ぶ路線商業地域,39547.84162,-118677.158
(県)伊豆5-4,伊豆市八幡字台460番3,,240,"46,300",-0.4,小売店舗の中に一般住宅も見られる県道沿いの商業地域,45433,-115993
(県)御前崎-1,御前崎市佐倉字法ノ沢1565番1外,,381,"18,300",-2.1,農家住宅、一般住宅のほか、社宅等も見られる住宅地域,-31137.61829,-151860.3322
(県)御前崎-2,御前崎市合戸字西前477番1,,611,"13,200",-2.9,農家住宅のほか一般住宅も見られる住宅地域,-38045.01803,-149108.1115
(県)御前崎-3,御前崎市白羽字道田1104番8,,333,"16,400",-2.4,農地の中に一般住宅、農家住宅、共同住宅等が散在する住宅地域,-29563.57719,-153350.5619
(県)御前崎-4,御前崎市白羽字曽根5372番10,,279,"19,800",-2.0,一般住宅等の間に農地が介在する住宅地域,-27443.88102,-154038.1061
(県)御前崎5-1,御前崎市池新田字下松原坪3261番3外,,264,"28,000",選定替,小売店舗が見られる県道沿いの商業地域,-34012,-149861
(県)菊川-1,菊川市柳2丁目106番1,,287,"43,500",0.0,一般住宅が建ち並ぶ区画整理済みの住宅地域,-37671.69126,-136687.9978
(県)菊川-2,菊川市河東字宮田104番2外,,188,"23,700",-1.7,中規模一般住宅が建ち並ぶ郊外の住宅地域,-37307.30873,-145624.3383
(県)菊川-3,菊川市川上字五ヶ谷下1908番4,,693,"12,100",-0.8,農地の中に農家住宅が見られる古くからの住宅地域,-35796.66923,-144758.35
(県)菊川5-1,菊川市朝日1番16,,264,"66,500",-2.1,低層店舗のほかに住宅が混在する路線商業地域,-37596.91067,-138244.0376
(県)伊豆の国-1,伊豆の国市長岡字別所465番3,,165,"74,500",-0.7,一般住宅のほかにアパート等が見られる住宅地域,38931.98825,-107327.1843
(県)伊豆の国-2,伊豆の国市天野字出口58番,,216,"85,800",-0.2,一般住宅のほかにアパート等が見られる住宅地域,39985.45652,-107645.6207
(県)伊豆の国-3,伊豆の国市原木字六斗台620番1,,198,"86,500",0.0,一般住宅のほかに農地の多い新興住宅地域,40166.74083,-103591.8012
(県)伊豆の国-4,伊豆の国市三福字横落150番6,,222,"82,300",-0.2,中小規模の一般住宅が多い利便性の良い住宅地域,40663.12622,-109989.1345
(県)伊豆の国-5,伊豆の国市田京字西川戸120番9,,185,"83,600",-0.2,中小規模の一般住宅が多い利便性の良い住宅地域,40750.25223,-109322.4384
(県)伊豆の国-6,伊豆の国市南江間字鳥井前760番2,,300,"58,300",-1.0,一般住宅と農家住宅が混在する住宅地域,39639.7042,-104789.5481
(県)伊豆の国-7,伊豆の国市韮山山木字荒久1224番354,,294,"8,500",-1.2,大規模に開発された高台の別荘地域,44106.14255,-104839.3149
(県)伊豆の国5-1,伊豆の国市古奈字中之台241番2,,166,"96,000",-0.2,小売店舗や旅館等が混在する商業地域,40112,-106867
(県)伊豆の国5-2,伊豆の国市南條字台地733番4,,63,"107,000",-0.9,銀行、小売店舗等が建ち並ぶ駅前の商業地域,40729.08265,-106465.1058
(県)伊豆の国5-3,伊豆の国市田京字西ノ町299番11,,97,"89,200",-0.9,中小規模の小売店舗が集まる大仁支所に近い商業地域,40611.15308,-109227.133
(県)牧之原-1,牧之原市布引原字四の耕地417番2,,326,"31,000",0.0,農地が多い中、一般住宅を主に農家住宅、工場が散在する地域,-32632.28739,-135809.6707
(県)牧之原-2,牧之原市波津1丁目50番,,173,"45,500",-0.7,中規模一般住宅が多い区画整理済みの住宅地域,-28143.68518,-146082.153
(県)牧之原-3,牧之原市静波字七ノ坪2306番9,,230,"32,700",-9.7,一般住宅を主にアパートや倉庫等も見られる住宅地域,-25292.31827,-140596.9825
(県)牧之原5-1,牧之原市相良字横町86番1,,132,"39,400",-8.2,低層の店舗併用住宅の多い路線背後の商業地域,-27605.01539,-145961.1465
(県)牧之原5-2,牧之原市静波字柏原486番9,,300,"38,500",-5.2,小売店舗兼住宅が連たんする既成商業地域,-25349.27462,-139599.4782
(県)牧之原9-1,牧之原市細江字白羽6165番1,,4466,"21,600",-4.8,中小工場、住宅等が混在しているが、未だ農地も多い地域,-24135.41314,-137389.9188
(県)東伊豆-1,賀茂郡東伊豆町奈良本字トドキ1280番37,,200,"30,700",-2.5,一般住宅等のほかに農地も残る住宅地域,51348.14374,-131583.5096
(県)東伊豆-2,賀茂郡東伊豆町片瀬564番11外,,198,"46,800",-3.5,一般住宅等が建ち並ぶ区画整然とした住宅地域,51277.90925,-132481.9835
(県)東伊豆5-1,賀茂郡東伊豆町稲取字清水417番1,,76,"69,000",-3.0,小売店舗のほかに事務所等も見られる商業地域,49540.08932,-136285.9323
(県)河津-1,賀茂郡河津町見高字上松山1260番78,,323,"21,800",-0.9,一般住宅が見られる国道背後の閑静な住宅地域,47537.95734,-137666.883
(県)河津-2,賀茂郡河津町下佐ケ野字平田64番5,,168,"30,500",-3.2,一般住宅、店舗等が混在する国道沿いの住宅地域,40112,-106867
(県)河津5-1,賀茂郡河津町峰字中里495番8,,180,"45,000",-3.2,小規模店舗が建ち並ぶ県道沿いの路線商業地域,44271.63741,-137867.1377
(県)南伊豆-1,賀茂郡南伊豆町妻良字東条505番,,122,"13,600",-5.6,一般住宅、漁家住宅が混在する港に近い住宅地域,26727.12133,-148755.6192
(県)南伊豆-2,賀茂郡南伊豆町手石字宮ノ前343番1外,,366,"22,500",-5.1,一般住宅、農家住宅等が混在する住宅地域,35059.76598,-150930.6622
(県)松崎-1,賀茂郡松崎町江奈字川久保71番5,,141,"39,700",-5.9,一般住宅を中心に農家住宅等も見られる住宅地域,25938,-137808
(県)松崎-2,賀茂郡松崎町吉田字吉田39番2,,297,"17,900",-4.8,農地が多い中に農家住宅が散在する郊外の住宅地域,28223,-137713
(県)松崎5-1,賀茂郡松崎町松崎字上向浜363番6外,,161,"44,800",-6.1,店舗併用住宅を中心に事務所や一般住宅等が介在する商業地域,25375,-138168
(県)西伊豆-1,賀茂郡西伊豆町田子字月之浦1565番15外,,91,"34,100",-7.1,細街路沿いに小規模住宅が密集する漁港近くの住宅地域,24163,-133002
(県)西伊豆-2,賀茂郡西伊豆町仁科字北耕地1136番2,,257,"43,300",-5.3,中規模一般住宅を中心に農地も多く見られる住宅地域,25346.3891,-136124.4413
(県)西伊豆-3,賀茂郡西伊豆町宇久須字大久保1136番5,,198,"22,500",-5.1,農地の中に一般住宅が散在する地域,26286.55406,-127719.1118
(県)西伊豆-4,賀茂郡西伊豆町安良里字天坂663番1,,165,"31,000",-6.1,一般住宅、店舗等の混在する漁村集落地域,24473.71296,-130286.9602
(県)西伊豆5-1,賀茂郡西伊豆町仁科字南耕地270番1,,357,"55,400",-5.1,店舗、事務所等が建ち並ぶ国道沿いの商業地域,25373.03345,-136556.9816
(県)函南-1,田方郡函南町仁田字沢ノ前25番9,,165,"105,000",1.0,一般住宅の中にアパート等も見られる住宅地域,40311.20701,-101009.5691
(県)函南-2,田方郡函南町塚本字反里田100番6外,,164,"97,000",1.0,一般住宅が建ち並ぶ住宅地域,39653.38477,-102313.2592
(県)函南-3,田方郡函南町仁田字油免685番7,,147,"97,000",1.0,一般住宅が建ち並ぶ住宅地域,41159.01818,-101330.5298
(県)函南-4,田方郡函南町柏谷字城山723番32,,167,"79,000",0.0,中規模一般住宅が多い高台の閑静な住宅地域,42026.81804,-101830.6639
(県)函南-5,田方郡函南町塚本字北村367番12外,,145,"90,500",0.6,一般住宅のほかアパート等も見られる住宅地域,39354,-102111
(県)函南5-1,田方郡函南町間宮字板倉52番2,,99,"110,000",0.0,小売店舗、飲食店舗等が多い駅に近い既成商業地域,39962.2779,-100709.6768
(県)清水町-1,駿東郡清水町八幡字大天原218番6外,,156,"116,000",0.0,一般住宅、アパート等が混在する住宅地域,36420.08298,-99177.74354
(県)清水町-2,駿東郡清水町伏見字檜皮免22番1外,,142,"127,000",0.8,一般住宅のほかアパートも見られる住宅地域,36627.10226,-98336.64598
(県)清水町-3,駿東郡清水町徳倉字仲田1083番4,,165,"96,200",0.0,一般住宅が建ち並ぶ区画整然とした住宅地域,36053.9604,-101329.1954
(県)清水町5-1,駿東郡清水町伏見字堂之口143番7,,1207,"139,000",-0.7,店舗、営業所等が建ち並ぶ国道沿いの路線商業地域,36344.60495,-98800.8082
(県)長泉-1,駿東郡長泉町南一色字大林66番33,,166,"106,000",1.0,中規模一般住宅の中に空地等が見られる郊外の住宅地域,36223.0487,-94137.26701
(県)長泉-2,駿東郡長泉町上土狩字蔵場下440番24,,149,"113,000",0.9,中規模一般住宅が多い郊外の住宅地域,39354,-102111
(県)長泉-3,駿東郡長泉町竹原字堂免318番33,,140,"131,000",0.8,一般住宅等が建ち並ぶ保育園に近い住宅地域,36244.88129,-97657.96771
(県)長泉-4,駿東郡長泉町上長窪字アラク289番9,,155,"66,300",0.0,一般住宅、農家住宅のほかに農地の多い住宅地域,34497.32643,-94440.46987
(県)長泉5-1,駿東郡長泉町下土狩字御藏上1344番3外,,160,"133,000",0.0,小規模な小売店舗等が見られる既成の商業地域,36203,-96578
(県)小山-1,駿東郡小山町用沢字原613番2,,271,"50,500",-1.0,中規模一般住宅が多い公共施設に近い住宅地域,40199,-72540
(県)小山-2,駿東郡小山町菅沼字将監塚350番21,,200,"42,600",-0.9,一般住宅、農家住宅等が混在する普通住宅地域,43288,-72386
(県)小山-3,駿東郡小山町須走字日向152番14,,193,"28,700",-3.4,一般住宅が建ち並ぶ小学校周辺の住宅地域,33362,-70500
(県)小山-4,駿東郡小山町柳島字炭畑64番1,,362,"24,000",-4.0,農家住宅の建ち並ぶ農地の多い山裾の住宅地域,43540.37741,-69715.57738
(県)小山-5,駿東郡小山町吉久保字西峯面81番7,,252,"40,000",-1.0,一般住宅が多いなか、農地、事業所も見られる住宅地域,41351.08242,-72452.21878
(県)小山-6,駿東郡小山町棚頭字尾尻沢493番5,,391,"33,500",-2.0,一般住宅、農家住宅が混在する農地の多い住宅地域,40981.52451,-71905.34467
(県)小山-7,駿東郡小山町用沢字野添883番11,,278,"32,000",-2.4,一般住宅、農家住宅が混在する農地の多い住宅地域,39549.80513,-72107.21853
(県)小山5-1,駿東郡小山町藤曲字落合54番27,,141,"52,200",-1.5,小規模小売店舗が建ち並ぶ路線商業地域,44381.65662,-70746.13703
(県)吉田-1,榛原郡吉田町住吉字東川端379番7,,200,"42,500",-5.3,中規模一般住宅を主とする分譲住宅地域,-22299.85618,-136931.219
(県)吉田-2,榛原郡吉田町片岡字東中瀬341番10,,213,"41,100",-3.5,中規模一般住宅が増えつつある新興住宅地域,-22662.1173,-135050.9325
(県)吉田5-1,榛原郡吉田町住吉字松原2232番11,,312,"41,100",-8.1,低層の店舗併用住宅が建ち並ぶ古くからの商業地域,-22555,-137779
(県)川根本-1,榛原郡川根本町上長尾字筒井1050番1,,333,"18,600",-2.1,一般住宅と農家住宅が混在し、既成集落を形成する地域,-38267,-105947
(県)川根本-2,榛原郡川根本町徳山字奈良間通1462番4,,169,"13,000",-2.3,一般住宅、農家住宅が散在する地域,-34788,-102459
(県)川根本-3,榛原郡川根本町千頭字海老根1001番3外,,211,"13,800",-2.1,一般住宅の中に小売店舗、公共施設等も混在する利便性の良い住宅地域,-32918,-98507
(県)川根本-4,榛原郡川根本町奥泉字前開土318番2,,532,"4,400",-2.2,農家住宅を主とする既存の山間小集落の住宅地域,-32206.67683,-94072.21109
(県)川根本5-1,榛原郡川根本町千頭字ドウセ坂下1215番8外,,217,"27,800",-2.5,低層店舗、併用住宅等が建ち並ぶ駅前商業地域,-32965.01407,-98826.09258
(県)森-1,周智郡森町睦実字谷口2743番8,,205,"31,700",-0.9,一般住宅のほか農地も多く見られる古くからの住宅地域,-52868.04969,-131002.3217
(県)森-2,周智郡森町谷中字権現623番16,,187,"29,000",-1.0,中規模一般住宅が建ち並ぶ郊外の丘陵地の住宅地域,-54900.03836,-131301.6822
(県)森5-1,周智郡森町森字十七夜前1003番6外,,219,"41,600",-1.0,小売店舗、事務所等が建ち並ぶ駅前の古くからの商業地域,-52689,-129471
(県)林-1,静岡市葵区桂山字長ハカ812番,,11593,11 ,-4.3,標高３００ｍ約２５度の北西向傾斜でひのきを主とする人工林地域,-14118,-99107
(県)林-2,浜松市北区都田町字北山7540番212,,9140,930 ,-1.1,標高１００ｍ約２０度の北向傾斜で農地に接続した雑木の自然林地域,-71329,-128589
(県)林-3,浜松市西区協和町字中ノ谷404番,,1136,980 ,-3.9,標高２０ｍ約１５度の北西傾斜の農地に接続する自然林地域,-80802,-139142
(県)林-4,沼津市西野字霞144番18,,2052,550 ,0.0,標高２００ｍ約２０度の西向傾斜の檜を主とする人工林地域,27579,-93007
(県)林-5,熱海市上多賀字片山1160番94,,1996,163 ,0.0,標高１８０ｍ約２８度の北東傾斜の農地に続くひのき、杉の人工林地域,51139,-104099
(県)林-6,富士宮市大中里字西ノ山1936番,,4770,590 ,-3.3,標高２８０ｍほぼ平坦な地域で杉、檜の人工林と雑木林の混在する地域,7790,-86276
(県)林-7,伊東市湯川字駒掛648番59,,1786,148 ,-1.3,標高２５０ｍ約２５度の東向傾斜地で檜等の混在林地域,53162,-112357
(県)林-8,島田市大草字菅ヶ谷236番1,,5480,490 ,-2.0,標高９０ｍ約３０度の南西向傾斜の雑木、用材林、茶畑の混在する地域,-28741,-126088
(県)林-9,富士市大渕字横道下11905番,,2502,375 ,-0.3,標高６００ｍ約１０度の南向傾斜の地域で杉、ひのきの人工林地域,19538,-83417
(県)林-10,磐田市笠梅字姥ケ谷1231番,,3012,950 ,-2.1,標高８０ｍ約２０度の南向傾斜の自然林地域,-57689,-135771
(県)林-11,掛川市和田字中ノ谷385番1,,3076,940 ,-2.1,標高８０ｍ約２０度の南向傾斜の人工林と自然林の混在する地域,-42942,-138790
(県)林-12,御殿場市二子字上ノ山540番,,5239,268 ,-0.7,標高約４３０ｍ約２０度の西傾斜の地域で杉、檜の人工林地域,39156,-82922
(県)林-13,御前崎市上朝比奈字北ノ前3761番,,2026,400 ,-2.4,標高６０ｍ約２４度の東傾斜の人工林と雑木林の混在地域,-32329,-147146
(県)林-14,浜松市北区三ヶ日町只木字東山1121番9外,,5282,318 ,-3.3,標高１８０ｍ位、針広葉樹にみかん畑が混じり、道路も整備された地域,-84836,-130571
(県)林-15,裾野市須山字向山2354番,,2214,125 ,0.0,標高６００ｍ約３５度の北西向傾斜の地域で杉、ひのきの人工林地域,31461,-83795
(県)林-16,湖西市岡崎字伊賀谷2586番13,,2733,"1,180 ",-4.1,標高３５ｍ約２８度の南西向傾斜地で農地に接続した雑木の自然林地域,-90799,-141177
(県)林-17,三島市佐野字二ノ入1481番1,,2102,"1,200 ",0.0,標高約２２０ｍ約１０度の南方傾斜地で檜等の人工林の多い地域,39612,-92443
(県)林-18,賀茂郡河津町小鍋字大杉342番,,4489,30 ,-3.2,標高約２５０ｍ約３０度の南傾斜で人工林と雑木林の混在する地域,40220,-135623
(県)林-19,富士宮市北山字大久保澤7429番81,,3861,411 ,-1.0,標高５６０ｍ約６度の南西向傾斜の地域で、杉及びひのきの人工林地域,11394,-76790
(県)林-20,藤枝市北方字姥ヶ沢2237番1,,1880,210 ,-2.3,標高約７０ｍ、約２５度の西向傾斜の竹、雑木を中心とした自然林地域,-23686,-118000
(県)林-21,浜松市天竜区佐久字タルノ沢397番,,1666,28.9 ,-2.0,標高３１０ｍ約３０度の南向傾斜の地域で杉、檜の人工林地域,-61543,-119384
(県)林-22,田方郡函南町平井字松峯1693番34,,1963,490 ,-2.0,標高２００ｍ１０度前後の西及び北西向傾斜で松、檜の混在する地域,44262,-99508
(県)林-23,伊豆市姫之湯字岩下660番,,7795,42 ,-2.3,標高約３００ｍ約３０度の東向傾斜地で杉、檜等が混在する地域,44132,-118964
(県)林-24,賀茂郡東伊豆町大川字左りモヂリ852番1,,19088,106 ,-0.9,標高３００ｍ約１５度の東向傾斜で雑木林と人工林の混在する地域,51020,-127165
(県)林-25,牧之原市勝田字土器谷2095番,,5858,"1,130 ",-2.6,標高１００ｍ約２０度の南傾斜地で茶畑の間に雑木林等の介在する地域,-30884,-135484
